{"Ace2": 0.0007069259881973267, "Aldh1l1": 0.0040291547775268555, "Amigo2": 0.0019444525241851807, "Ano3": 0.0008728057146072388, "Aqp4": 0.007219552993774414, "Ar": 0.0044564902782440186, "Arhgap36": -0.0006821155548095703, "Baiap2": 0.0025089383125305176, "Ccnd2": 0.002305537462234497, "Cd24a": 0.001434624195098877, "Cdkn1a": 0.0009323954582214355, "Cenpe": 0.00015971064567565918, "Chat": 0.0001502782106399536, "Coch": -0.0004261136054992676, "Col25a1": -0.003402113914489746, "Cplx3": -0.0007370263338088989, "Cpne5": 0.012604475021362305, "Creb3l1": -0.0022697150707244873, "Cspg5": -3.635883331298828e-06, "Cyp19a1": -0.0004621744155883789, "Cyp26a1": 3.0547380447387695e-07, "Dgkk": 0.004155993461608887, "Ebf3": 0.0046235620975494385, "Egr2": 0.0001669377088546753, "Ermn": 0.019450396299362183, "Esr1": 0.0001704692840576172, "Etv1": 0.0005513429641723633, "Fbxw13": -9.045004844665527e-06, "Fezf1": -0.0005902647972106934, "Gbx2": -4.231929779052734e-06, "Gda": -0.0012700557708740234, "Gem": 0.0010145455598831177, "Gjc3": 0.0002359151840209961, "Greb1": -0.0029960721731185913, "Irs4": 3.838539123535156e-05, "Isl1": 0.0018175840377807617, "Klf4": 0.0017082244157791138, "Krt90": 0.0005517005920410156, "Lmod1": 0.00036081671714782715, "Man1a": -0.0003438293933868408, "Mki67": 2.3603439331054688e-05, "Mlc1": 0.005657315254211426, "Myh11": 0.001999467611312866, "Ndnf": -0.0016413331031799316, "Ndrg1": 0.0007266402244567871, "Necab1": -0.0030795633792877197, "Nos1": -0.003824979066848755, "Npas1": 7.745623588562012e-05, "Nup62cl": 2.726912498474121e-06, "Omp": -0.00112190842628479, "Onecut2": -0.0030878186225891113, "Opalin": 0.0023100078105926514, "Pak3": -0.0075730085372924805, "Pcdh11x": 0.003703206777572632, "Pgr": -0.00048664212226867676, "Plin3": 0.0011650919914245605, "Pou3f2": 0.0042504072189331055, "Rgs2": 0.0018495023250579834, "Rgs5": 0.004572838544845581, "Rnd3": 0.0024557113647460938, "Scgn": -0.000992104411125183, "Serpinb1b": 0.0005581825971603394, "Sgk1": -0.004726290702819824, "Slc15a3": -4.2825937271118164e-05, "Slc17a6": -0.0025000274181365967, "Slc17a8": -0.00010350346565246582, "Slco1a4": 0.003220081329345703, "Sox4": -0.002190828323364258, "Sox6": -0.0006162524223327637, "Sox8": -0.0030592381954193115, "Sp9": -0.0006810873746871948, "Synpr": 0.0002060532569885254, "Syt2": -0.001253664493560791, "Syt4": -0.0014800727367401123, "Sytl4": -0.007037073373794556, "Tiparp": 0.0014770030975341797, "Tmem108": -0.0055599212646484375, "Traf4": -0.0010264217853546143, "Ttn": -0.00026926398277282715, "Ttyh2": -0.0017361044883728027, "Mbp": 0.007864847779273987, "Nnat": -5.461648106575012e-05, "Sln": -0.00043977051973342896, "Th": -0.0004513449966907501}
