{"LightGBM 0": {"Ace2": 0.12746263401425542}, "LightGBM 60": {"Ace2": 0.12712461486479962}}
