{
    "['Female']_['Parenting']_16": 0.38502514362335205,
    "['Female']_['Parenting']_17": 0.34985750913619995,
    "['Female']_['Parenting']_18": 0.3490711748600006,
    "['Female']_['Parenting']_19": 0.3787305951118469,
    "['Female']_['Virgin Parenting']_20": 0.38543686270713806,
    "['Female']_['Virgin Parenting']_21": 0.3994031846523285,
    "['Female']_['Virgin Parenting']_22": 0.37777724862098694,
    "['Female']_['Virgin Parenting']_23": 0.34914833307266235,
    "['Female']_['Virgin Parenting']_24": 0.36154118180274963,
    "['Female']_['Naive']_1": 0.3353368937969208,
    "['Female']_['Naive']_2": 0.3260050117969513,
    "['Female']_['Naive']_3": 0.3131941556930542,
    "['Female']_['Naive']_4": 0.33865559101104736
}
