{
    "['Female']_['Parenting']_16": 0.40808427333831787,
    "['Female']_['Parenting']_17": 0.4103180766105652,
    "['Female']_['Parenting']_18": 0.40321850776672363,
    "['Female']_['Parenting']_19": 0.40877825021743774
}
