{"(25, 0)": {"[512]": 0.10236034542322159, "[128, 128, 128]": 0.08310852199792862, "[512, 512, 512]": 0.08545476943254471, "[128, 128, 128, 128, 128, 128]": 0.06834235787391663}, "(0, 0)": {"[512]": 0.23553942143917084, "[128, 128, 128]": 0.23567447066307068, "[512, 512, 512]": 0.23585249483585358, "[128, 128, 128, 128, 128, 128]": 0.23516948521137238}, "(0, 1)": {"[512]": 0.06582453101873398, "[128, 128, 128]": 0.0657385066151619, "[512, 512, 512]": 0.06567420810461044, "[128, 128, 128, 128, 128, 128]": 0.0653681829571724}, "(0, 4)": {"[512]": 0.00047063702368177474, "[128, 128, 128]": 0.0007368026999756694, "[512, 512, 512]": 0.0005545378662645817}, "(0, 5)": {"[512]": 0.0009140346082858741, "[128, 128, 128]": 0.0011945620644837618, "[512, 512, 512]": 0.0009824539301916957}, "(0, 6)": {"[512]": 0.0028924529906362295, "[128, 128, 128]": 0.0031361763831228018, "[512, 512, 512]": 0.0029509165324270725}, "(0, 7)": {"[512]": 0.0032210680656135082, "[128, 128, 128]": 0.003469028975814581, "[512, 512, 512]": 0.0032999503891915083}, "(5, 0)": {"[512]": 0.23516085743904114, "[128, 128, 128]": 0.23565685749053955, "[512, 512, 512]": 0.23619836568832397, "[128, 128, 128, 128, 128, 128]": 0.23450101912021637}, "(5, 1)": {"[512]": 0.06582199782133102, "[128, 128, 128]": 0.0656711682677269, "[512, 512, 512]": 0.06563577055931091, "[128, 128, 128, 128, 128, 128]": 0.06522464752197266}, "(5, 4)": {"[512]": 0.0004989636363461614, "[128, 128, 128]": 0.0007663058931939304, "[512, 512, 512]": 0.0005792593583464622}, "(5, 5)": {"[512]": 0.0008985990425571799, "[128, 128, 128]": 0.0011739499168470502, "[512, 512, 512]": 0.000989079475402832}, "(5, 6)": {"[512]": 0.0029313175473362207, "[128, 128, 128]": 0.0031810346990823746, "[512, 512, 512]": 0.0029848276171833277}, "(5, 7)": {"[512]": 0.003244888037443161, "[128, 128, 128]": 0.003541756421327591, "[512, 512, 512]": 0.0033168236259371042}, "(10, 0)": {"[512]": 0.22066588699817657, "[128, 128, 128]": 0.2208695262670517, "[512, 512, 512]": 0.2214302122592926, "[128, 128, 128, 128, 128, 128]": 0.21823528409004211}, "(10, 1)": {"[512]": 0.06352429836988449, "[128, 128, 128]": 0.06261768937110901, "[512, 512, 512]": 0.06273201107978821, "[128, 128, 128, 128, 128, 128]": 0.061738643795251846}, "(10, 4)": {"[512]": 0.0005555342067964375, "[128, 128, 128]": 0.0008567821350879967, "[512, 512, 512]": 0.0006450434448197484}, "(10, 5)": {"[512]": 0.0008321553468704224, "[128, 128, 128]": 0.001178609672933817, "[512, 512, 512]": 0.000820948916953057}, "(10, 6)": {"[512]": 0.0029999203979969025, "[128, 128, 128]": 0.0033179698511958122, "[512, 512, 512]": 0.003025033976882696}, "(10, 7)": {"[512]": 0.003190562827512622, "[128, 128, 128]": 0.0034229967277497053, "[512, 512, 512]": 0.0032011596485972404}, "(15, 0)": {"[512]": 0.1859017312526703, "[128, 128, 128]": 0.18289890885353088, "[512, 512, 512]": 0.1877065896987915, "[128, 128, 128, 128, 128, 128]": 0.18001432716846466}, "(15, 1)": {"[512]": 0.05885586142539978, "[128, 128, 128]": 0.05574457347393036, "[512, 512, 512]": 0.05510902404785156, "[128, 128, 128, 128, 128, 128]": 0.052761588245630264}, "(15, 4)": {"[512]": 0.0004645097360480577, "[128, 128, 128]": 0.0009039641008712351, "[512, 512, 512]": 0.0005738434265367687}, "(15, 5)": {"[512]": 0.0007366150966845453, "[128, 128, 128]": 0.000967529893387109, "[512, 512, 512]": 0.0006341977277770638}, "(15, 6)": {"[512]": 0.0029838469345122576, "[128, 128, 128]": 0.00332429725676775, "[512, 512, 512]": 0.00300282659009099}, "(15, 7)": {"[512]": 0.002974526258185506, "[128, 128, 128]": 0.003316387301310897, "[512, 512, 512]": 0.003009539796039462}, "(20, 0)": {"[512]": 0.13504499197006226, "[128, 128, 128]": 0.12811575829982758, "[512, 512, 512]": 0.13203869760036469, "[128, 128, 128, 128, 128, 128]": 0.11972876638174057}, "(20, 1)": {"[512]": 0.051797762513160706, "[128, 128, 128]": 0.04442569613456726, "[512, 512, 512]": 0.04424802586436272, "[128, 128, 128, 128, 128, 128]": 0.039026226848363876}, "(20, 4)": {"[512]": 0.0004540904483292252, "[128, 128, 128]": 0.0008848374127410352, "[512, 512, 512]": 0.0005170410149730742}, "(20, 5)": {"[512]": 0.0006306918803602457, "[128, 128, 128]": 0.0008879833039827645, "[512, 512, 512]": 0.0006131553091108799}, "(20, 6)": {"[512]": 0.0028599314391613007, "[128, 128, 128]": 0.0033046870958060026, "[512, 512, 512]": 0.002956120064482093}, "(20, 7)": {"[512]": 0.0029595831874758005, "[128, 128, 128]": 0.003236441407352686, "[512, 512, 512]": 0.003011484397575259}, "(25, 1)": {"[512]": 0.039952389895915985, "[128, 128, 128]": 0.036176666617393494, "[512, 512, 512]": 0.03554496914148331, "[128, 128, 128, 128, 128, 128]": 0.0292619988322258}, "(25, 4)": {"[512]": 0.0004799480375368148, "[128, 128, 128]": 0.00096879992634058, "[512, 512, 512]": 0.00048479155520908535}, "(25, 5)": {"[512]": 0.0005407293210737407, "[128, 128, 128]": 0.0009070386877283454, "[512, 512, 512]": 0.0006373379728756845}, "(25, 6)": {"[512]": 0.002886771922931075, "[128, 128, 128]": 0.0032644697930663824, "[512, 512, 512]": 0.0029259840957820415}, "(25, 7)": {"[512]": 0.002898763632401824, "[128, 128, 128]": 0.0032930292654782534, "[512, 512, 512]": 0.0030102652963250875}, "(30, 0)": {"[512]": 0.03198773413896561, "[128, 128, 128]": 0.010087205097079277, "[512, 512, 512]": 0.016257671639323235, "[128, 128, 128, 128, 128, 128]": 4.240547423250973e-05, "[128]": 0.001893801847472787}, "(30, 1)": {"[512]": 0.0181292612105608, "[128, 128, 128]": 0.023091567680239677, "[512, 512, 512]": 0.01996994949877262, "[128, 128, 128, 128, 128, 128]": 0.00969171617180109}, "(30, 4)": {"[512]": 0.0004414326685946435, "[128, 128, 128]": 0.0008101635030470788, "[512, 512, 512]": 0.0004983223625458777}, "(30, 5)": {"[512]": 0.0006346956361085176, "[128, 128, 128]": 0.000979520264081657, "[512, 512, 512]": 0.0006846035248599946}, "(30, 6)": {"[512]": 0.0028900078032165766, "[128, 128, 128]": 0.0032277528662234545, "[512, 512, 512]": 0.00292959320358932}, "(30, 7)": {"[512]": 0.003026413731276989, "[128, 128, 128]": 0.003293587127700448, "[512, 512, 512]": 0.0030213010031729937}, "(35, 0)": {"[512]": 0.04044824466109276, "[128, 128, 128]": 0.02057017758488655, "[512, 512, 512]": 0.03173043951392174, "[128, 128, 128, 128, 128, 128]": 0.0013135981280356646}, "(35, 1)": {"[512]": 0.021792171522974968, "[128, 128, 128]": 0.028828850015997887, "[512, 512, 512]": 0.025393329560756683, "[128, 128, 128, 128, 128, 128]": 0.01076611876487732}, "(35, 4)": {"[512]": 0.00044156951480545104, "[128, 128, 128]": 0.000821929017547518, "[512, 512, 512]": 0.0005453572375699878}, "(35, 5)": {"[512]": 0.0006457215058617294, "[128, 128, 128]": 0.0009927897481247783, "[512, 512, 512]": 0.0006768525927327573}, "(35, 6)": {"[512]": 0.002849267330020666, "[128, 128, 128]": 0.0032496985513716936, "[512, 512, 512]": 0.002942879218608141}, "(35, 7)": {"[512]": 0.0030754748731851578, "[128, 128, 128]": 0.003415140090510249, "[512, 512, 512]": 0.003085219534114003}, "(40, 0)": {"[512]": 0.0436420701444149, "[128, 128, 128]": 0.029533356428146362, "[512, 512, 512]": 0.04090823978185654, "[128, 128, 128, 128, 128, 128]": 0.008110602386295795}, "(40, 1)": {"[512]": 0.03648548945784569, "[128, 128, 128]": 0.067916639149189, "[512, 512, 512]": 0.029692107811570168, "[128, 128, 128, 128, 128, 128]": 0.01103660836815834}, "(40, 4)": {"[512]": 0.00041953352047130466, "[128, 128, 128]": 0.0008735079900361598, "[512, 512, 512]": 0.0005383698153309524}, "(40, 5)": {"[512]": 0.0006791698979213834, "[128, 128, 128]": 0.0010016708401963115, "[512, 512, 512]": 0.0007547319401055574}, "(40, 6)": {"[512]": 0.0028809700161218643, "[128, 128, 128]": 0.0032540839165449142, "[512, 512, 512]": 0.0029465225525200367}, "(40, 7)": {"[512]": 0.0031003057956695557, "[128, 128, 128]": 0.003440989414229989, "[512, 512, 512]": 0.0031289365142583847}, "(45, 0)": {"[512]": 0.05230731517076492, "[128, 128, 128]": 0.02578815072774887, "[512, 512, 512]": 0.045157309621572495,