{
    "['Female']_['Parenting']_16": 0.4163924753665924,
    "['Female']_['Parenting']_17": 0.38466817140579224,
    "['Female']_['Parenting']_18": 0.3905680775642395,
    "['Female']_['Parenting']_19": 0.42699748277664185,
    "['Female']_['Virgin Parenting']_20": 0.42510637640953064,
    "['Female']_['Virgin Parenting']_21": 0.4340096116065979,
    "['Female']_['Virgin Parenting']_22": 0.4052431285381317,
    "['Female']_['Virgin Parenting']_23": 0.38393688201904297,
    "['Female']_['Virgin Parenting']_24": 0.40101537108421326,
    "['Female']_['Naive']_1": 0.3731970489025116,
    "['Female']_['Naive']_2": 0.35964685678482056,
    "['Female']_['Naive']_3": 0.35066404938697815,
    "['Female']_['Naive']_4": 0.37822070717811584
}
