{"(0, 0)": {"[128, 128, 128]": 0.2349183245659788, "[512]": 0.23526116386767382, "[512, 512, 512]": 0.23508227563265396}, "(5, 0)": {"[128, 128, 128]": 0.23455687614355186, "[512]": 0.23503592545203633, "[512, 512, 512]": 0.23506569580999115}, "(10, 0)": {"[128, 128, 128]": 0.22880234586066506, "[512]": 0.22921349287521442, "[512, 512, 512]": 0.22891049466515717}, "(15, 0)": {"[128, 128, 128]": 0.2201013808633424, "[512]": 0.2206178479903127, "[512, 512, 512]": 0.2208614872479843}, "(20, 0)": {"[128, 128, 128]": 0.20685835463350002, "[512]": 0.20767130680219742, "[512, 512, 512]": 0.2073056986465096}, "(25, 0)": {"[128, 128, 128]": 0.18919334435086466, "[512]": 0.1899550932257533}}
