{
    "['Female']_['Parenting']_16": 0.3895546793937683,
    "['Female']_['Parenting']_17": 0.3959973454475403,
    "['Female']_['Parenting']_18": 0.3860657811164856,
    "['Female']_['Parenting']_19": 0.3925071954727173
}
