{
    "['Female']_['Parenting']_16": 0.40356704592704773,
    "['Female']_['Parenting']_17": 0.40327703952789307,
    "['Female']_['Parenting']_18": 0.3982744514942169,
    "['Female']_['Parenting']_19": 0.3999016582965851
}
