{
    "['Female']_['Parenting']_16": 1102.634258031845,
    "['Female']_['Parenting']_17": 1139.8546435832977,
    "['Female']_['Parenting']_18": 1203.8284142017365,
    "['Female']_['Parenting']_19": 1177.8178253173828
}
