{
    "['Female']_['Parenting']_16": 870.1299254894257,
    "['Female']_['Parenting']_17": 874.5540790557861,
    "['Female']_['Parenting']_18": 866.4556629657745,
    "['Female']_['Parenting']_19": 881.8159346580505,
    "['Female']_['Virgin Parenting']_20": 1100.044275522232,
    "['Female']_['Virgin Parenting']_21": 1162.8948137760162,
    "['Female']_['Virgin Parenting']_22": 1178.1621441841125,
    "['Female']_['Virgin Parenting']_23": 1211.1632583141327,
    "['Female']_['Virgin Parenting']_24": 1198.9382882118225,
    "['Female']_['Naive']_1": 1573.4313666820526,
    "['Female']_['Naive']_2": 1575.0530996322632,
    "['Female']_['Naive']_3": 1876.1942865848541,
    "['Female']_['Naive']_4": 1939.169243812561
}
