{"(0, 0)": 0.25109028816223145, "(0, 1)": 0.05881612002849579, "(0, 2)": 0.2295604944229126, "(0, 3)": 0.09439034014940262, "(0, 4)": 0.00025406753411516547, "(0, 5)": 0.000247861142270267, "(5, 0)": 0.25079867243766785, "(5, 1)": 0.058306679129600525, "(5, 2)": 0.22994904220104218, "(5, 3)": 0.09449771046638489, "(5, 4)": 0.00023966291337274015, "(5, 5)": 0.00024235212185885757, "(10, 0)": 0.24591845273971558, "(10, 1)": 0.05620526149868965, "(10, 2)": 0.23278363049030304, "(10, 3)": 0.09493127465248108, "(10, 4)": 0.00020941715047229081, "(10, 5)": 0.00017539018881507218, "(15, 0)": 0.2364834100008011, "(15, 1)": 0.055565956979990005, "(15, 2)": 0.22913308441638947, "(15, 3)": 0.09481362998485565, "(15, 4)": 0.00012790541222784668, "(15, 5)": 0.00017904759442899376, "(20, 0)": 0.2225436419248581, "(20, 1)": 0.05218277871608734, "(20, 2)": 0.22856870293617249, "(20, 3)": 0.0943305566906929, "(20, 4)": 6.16926554357633e-05, "(20, 5)": 0.00016268869512714446, "(25, 0)": 0.20512329041957855, "(25, 1)": 0.04855463653802872, "(25, 2)": 0.22711151838302612, "(25, 3)": 0.09464123845100403, "(25, 4)": 0.00016121246153488755, "(25, 5)": 2.6548545065452345e-05, "(30, 0)": 0.18220190703868866, "(30, 1)": 0.043151482939720154, "(30, 2)": 0.22581596672534943, "(30, 3)": 0.09350284188985825, "(30, 4)": 4.066365590915666e-07, "(30, 5)": 1.2272523690626258e-06, "(35, 0)": 0.19983842968940735, "(35, 1)": 0.04644433781504631, "(35, 2)": 0.22714857757091522, "(35, 3)": 0.0945044606924057, "(35, 4)": 2.8189881504658842e-06, "(35, 5)": 1.4948415127946646e-06, "(40, 0)": 0.20865695178508759, "(40, 1)": 0.04988409951329231, "(40, 2)": 0.22669324278831482, "(40, 3)": 0.09493841230869293, "(40, 4)": 0.0001818777818698436, "(40, 5)": 2.050859620794654e-06, "(45, 0)": 0.21376797556877136, "(45, 1)": 0.049865104258060455, "(45, 2)": 0.22849726676940918, "(45, 3)": 0.09385311603546143, "(45, 4)": 9.053066605702043e-06, "(45, 5)": 3.880236363329459e-06, "(50, 0)": 0.21800188720226288, "(50, 1)": 0.05178447812795639, "(50, 2)": 0.22726067900657654, "(50, 3)": 0.09431053698062897, "(50, 4)": 0.00019987710402347147, "(50, 5)": 2.0665538613684475e-06, "(55, 0)": 0.2211407721042633, "(55, 1)": 0.05215979367494583, "(55, 2)": 0.22629041969776154, "(55, 3)": 0.094131238758564, "(55, 4)": 7.082467163854744e-06, "(55, 5)": 2.907668658735929e-06, "(60, 0)": 0.22340811789035797, "(60, 1)": 0.05264516919851303, "(60, 2)": 0.22796101868152618, "(60, 3)": 0.047752149403095245, "(60, 4)": 0.00020069476158823818, "(60, 5)": 2.360998223593924e-06}
