{
    "['Female']_['Parenting']_16": 0.4361424446105957,
    "['Female']_['Parenting']_17": 0.4027429223060608,
    "['Female']_['Parenting']_18": 0.4087989330291748,
    "['Female']_['Parenting']_19": 0.45903950929641724,
    "['Female']_['Virgin Parenting']_20": 0.439963698387146,
    "['Female']_['Virgin Parenting']_21": 0.446706622838974,
    "['Female']_['Virgin Parenting']_22": 0.4225154221057892,
    "['Female']_['Virgin Parenting']_23": 0.4039146304130554,
    "['Female']_['Virgin Parenting']_24": 0.4196617603302002,
    "['Female']_['Naive']_1": 0.3696116507053375,
    "['Female']_['Naive']_2": 0.3599299490451813,
    "['Female']_['Naive']_3": 0.36921268701553345,
    "['Female']_['Naive']_4": 0.36949148774147034
}
