{
    "['Female']_['Parenting']_16": 947.7353546619415,
    "['Female']_['Parenting']_17": 1015.4380831718445,
    "['Female']_['Parenting']_18": 1005.3160016536713,
    "['Female']_['Parenting']_19": 1019.1901593208313,
    "['Female']_['Virgin Parenting']_20": 1255.2388670444489,
    "['Female']_['Virgin Parenting']_21": 1257.2173817157745,
    "['Female']_['Virgin Parenting']_22": 1232.6386902332306,
    "['Female']_['Virgin Parenting']_23": 1274.96853017807,
    "['Female']_['Virgin Parenting']_24": 1275.6255052089691,
    "['Female']_['Naive']_1": 1686.4444761276245,
    "['Female']_['Naive']_2": 1722.7817873954773,
    "['Female']_['Naive']_3": 2036.7725141048431,
    "['Female']_['Naive']_4": 2034.3780086040497
}
