{"(0, 0)": 0.4012432396411896, "(0, 1)": 0.08205799013376236, "(0, 2)": 0.39048802852630615, "(0, 3)": 0.21810591220855713, "(5, 0)": 0.3970142602920532, "(5, 1)": 0.08305361866950989, "(5, 2)": 0.3912401497364044, "(5, 3)": 0.21824540197849274, "(10, 0)": 0.382498174905777, "(10, 1)": 0.08336066454648972, "(10, 2)": 0.3843422830104828, "(10, 3)": 0.21339096128940582, "(15, 0)": 0.33002233505249023, "(15, 1)": 0.08443731814622879, "(15, 2)": 0.3815723657608032, "(15, 3)": 0.21741855144500732, "(20, 0)": 0.2701012194156647, "(20, 1)": 0.08028855174779892, "(20, 2)": 0.364994078874588, "(20, 3)": 0.2191532999277115, "(25, 0)": 0.18033786118030548, "(25, 1)": 0.08468719571828842, "(25, 2)": 0.31346455216407776, "(25, 3)": 0.19397276639938354, "(30, 0)": 0.020418671891093254, "(30, 1)": 0.07545514404773712, "(30, 2)": 0.2974500060081482, "(30, 3)": 0.11614475399255753, "(35, 0)": 0.06138357147574425, "(35, 1)": 0.07660887390375137, "(35, 2)": 0.28002575039863586, "(35, 3)": 0.13982822000980377, "(40, 0)": 0.05336375534534454, "(40, 1)": 0.04096727818250656, "(40, 2)": 0.2806282639503479, "(40, 3)": 0.1355753093957901, "(45, 0)": 0.05349414423108101, "(45, 1)": 0.08287059515714645, "(45, 2)": 0.28263968229293823, "(45, 3)": 0.14198222756385803, "(50, 0)": 0.05476538464426994, "(50, 1)": 0.0845634862780571, "(50, 2)": 0.2852732837200165, "(50, 3)": 0.13709935545921326, "(55, 0)": 0.3548942506313324, "(55, 1)": 0.08212438970804214, "(55, 2)": 0.3118073046207428, "(55, 3)": 0.13401640951633453, "(60, 0)": 0.06881209462881088, "(60, 1)": 0.08297787606716156, "(60, 2)": 0.28908929228782654, "(60, 3)": 0.13298554718494415}
