{"LightGBM 0 4": 0.005215024435308211, "Ridge 0 4": 0.005700127682178124, "Lasso 0 4": 0.005382489140926402, "ElasticNet 0 4": 0.005382489140926402, "LightGBM 5 4": 0.0050119230185713, "Ridge 5 4": 0.0055087511172769365, "Lasso 5 4": 0.0051837758141796845, "ElasticNet 5 4": 0.0051837758141796845, "LightGBM 10 4": 0.005206936595949909, "Ridge 10 4": 0.005705279879664008, "Lasso 10 4": 0.0053782706059028185, "ElasticNet 10 4": 0.0053782706059028185, "LightGBM 15 4": 0.005049461334482046, "Ridge 15 4": 0.005523384108504989, "Lasso 15 4": 0.005210757403757825, "ElasticNet 15 4": 0.005210757403757825, "LightGBM 20 4": 0.005116606079183381, "Ridge 20 4": 0.005619603440561864, "Lasso 20 4": 0.005289114497704244, "ElasticNet 20 4": 0.005289114497704244, "LightGBM 25 4": 0.005010289585369197, "Ridge 25 4": 0.005502084748434866, "Lasso 25 4": 0.005171919590038417, "ElasticNet 25 4": 0.005171919590038417, "LightGBM 30 4": 0.005033211128620455, "Ridge 30 4": 0.005531461533936918, "Lasso 30 4": 0.005197715578185092, "ElasticNet 30 4": 0.005197715578185092, "LightGBM 35 4": 0.005064169921198784, "Ridge 35 4": 0.005558122187965397, "Lasso 35 4": 0.005220701300635614, "ElasticNet 35 4": 0.005220701300635614, "LightGBM 40 4": 0.005161827865493828, "Ridge 40 4": 0.005688209029882342, "Lasso 40 4": 0.005334966167468781, "ElasticNet 40 4": 0.005334966167468781, "LightGBM 45 4": 0.005001855657297168, "Ridge 45 4": 0.0054901060027312655, "Lasso 45 4": 0.0051643333015394316, "ElasticNet 45 4": 0.0051643333015394316, "LightGBM 50 4": 0.005005483868544575, "Ridge 50 4": 0.005531594558211837, "Lasso 50 4": 0.005193044599233363, "ElasticNet 50 4": 0.005193044599233363, "LightGBM 55 4": 0.00513786629450415, "Ridge 55 4": 0.005658804158493464, "Lasso 55 4": 0.005311578655697549, "ElasticNet 55 4": 0.005311578655697549, "LightGBM 60 4": 0.005048207482369892, "Ridge 60 4": 0.00557782412085374, "Lasso 60 4": 0.005209369817685427, "ElasticNet 60 4": 0.005209369817685427}
