{"LightGBM 0 0": 0.22999207722763523, "OLS 0 0": 0.23043903012510822, "Ridge 0 0": 0.23042604535301264, "Lasso 0 0": 0.23134995296083596, "ElasticNet 0 0": 0.23043376784093464, "LightGBM 5 0": 0.2292483385319328, "OLS 5 0": 0.22973620019406565, "Ridge 5 0": 0.22973617408596958, "Lasso 5 0": 0.23069420562319698, "ElasticNet 5 0": 0.22985221496536037, "LightGBM 10 0": 0.21591816373180214, "OLS 10 0": 0.21677694044167245, "Ridge 10 0": 0.2167769318197207, "Lasso 10 0": 0.21765614924019472, "ElasticNet 10 0": 0.21680813477197508, "LightGBM 15 0": 0.19164918580542858, "OLS 15 0": 0.19325780259638353, "Ridge 15 0": 0.193257807590809, "Lasso 15 0": 0.19396664566847402, "ElasticNet 15 0": 0.1932929813858967, "LightGBM 20 0": 0.15258979721522753, "OLS 20 0": 0.1566740786006707, "Ridge 20 0": 0.1566740678885316, "Lasso 20 0": 0.15726219178966724, "ElasticNet 20 0": 0.15667367473891206, "LightGBM 25 0": 0.09389700461926422, "OLS 25 0": 0.10589203257839301, "Ridge 25 0": 0.10589202323467839, "Lasso 25 0": 0.10628442790809109, "ElasticNet 25 0": 0.10590035455883418, "LightGBM 30 0": 0.0005975217541330726, "OLS 30 0": 0.04337610166051373, "Ridge 30 0": 0.04337609487234231, "Lasso 30 0": 0.043673703591525975, "ElasticNet 30 0": 0.04340438780303885, "LightGBM 35 0": 0.08003525671160999, "OLS 35 0": 0.09519424228857105, "Ridge 35 0": 0.09519423285225798, "Lasso 35 0": 0.09553354812089167, "ElasticNet 35 0": 0.09520395352307165, "LightGBM 40 0": 0.11682414432610472, "OLS 40 0": 0.12457276658908659, "Ridge 40 0": 0.12457274749762362, "Lasso 40 0": 0.12496564773841187, "ElasticNet 40 0": 0.12458043427627573, "LightGBM 45 0": 0.1393899922965086, "OLS 45 0": 0.143842902942841, "Ridge 45 0": 0.14384289686903548, "Lasso 45 0": 0.14428388248595228, "ElasticNet 45 0": 0.14384582890203682, "LightGBM 50 0": 0.15417272469217694, "OLS 50 0": 0.15718339868546868, "Ridge 50 0": 0.15718339148481106, "Lasso 50 0": 0.15764227815587936, "ElasticNet 50 0": 0.15719728619658507, "LightGBM 55 0": 0.1649506565573107, "OLS 55 0": 0.16717734790240799, "Ridge 55 0": 0.16717735145643026, "Lasso 55 0": 0.16763968121792674, "ElasticNet 55 0": 0.16718598617543157, "LightGBM 60 0": 0.17343973880840347, "OLS 60 0": 0.17527213244509607, "Ridge 60 0": 0.1752721343470758, "Lasso 60 0": 0.17575578183812576, "ElasticNet 60 0": 0.1752844434737921, "LightGBM 0 1": 0.0642137610639269, "OLS 0 1": 0.0645098312231877, "Ridge 0 1": 0.06440629925299594, "Lasso 0 1": 0.06495812977011559, "ElasticNet 0 1": 0.06440735787081339, "LightGBM 5 1": 0.06405874493840163, "OLS 5 1": 0.06429616931141582, "Ridge 5 1": 0.06429617899626734, "Lasso 5 1": 0.06485293366385664, "ElasticNet 5 1": 0.06430496777646387, "LightGBM 10 1": 0.061171699081855734, "OLS 10 1": 0.061912382055376684, "Ridge 10 1": 0.061912401186108065, "Lasso 10 1": 0.062471079653998444, "ElasticNet 10 1": 0.06191288958298804, "LightGBM 15 1": 0.056461177880839965, "OLS 15 1": 0.05822206161872921, "Ridge 15 1": 0.05822208233934737, "Lasso 15 1": 0.058707992854916034, "ElasticNet 15 1": 0.058216410606988664, "LightGBM 20 1": 0.0487201860971312, "OLS 20 1": 0.05262040045348822, "Ridge 20 1": 0.05262039433863989, "Lasso 20 1": 0.05313299425480125, "ElasticNet 20 1": 0.0526168219722497, "LightGBM 25 1": 0.0357718512400865, "OLS 25 1": 0.04468807716983145, "Ridge 25 1": 0.04468807948083459, "Lasso 25 1": 0.04528758815210637, "ElasticNet 25 1": 0.04468691378624104, "LightGBM 30 1": 0.00902594447531993, "OLS 30 1": 0.03484705760603068, "Ridge 30 1": 0.034847057524849775, "Lasso 30 1": 0.035609715955093095, "ElasticNet 30 1": 0.03484829357577093, "LightGBM 35 1": 0.03243530870750025, "OLS 35 1": 0.042619992686886515, "Ridge 35 1": 0.04261998991813262, "Lasso 35 1": 0.04343218976674648, "ElasticNet 35 1": 0.04262253663079681, "LightGBM 40 1": 0.04082936806022347, "OLS 40 1": 0.04709893666694294, "Ridge 40 1": 0.0470989278642312, "Lasso 40 1": 0.04787837378440091, "ElasticNet 40 1": 0.04710435532192809, "LightGBM 45 1": 0.04552158684159115, "OLS 45 1": 0.05001417089963826, "Ridge 45 1": 0.05001417004347939, "Lasso 45 1": 0.05075845229941915, "ElasticNet 45 1": 0.05001970866457622, "LightGBM 50 1": 0.048652097465658656, "OLS 50 1": 0.05222572592168264, "Ridge 50 1": 0.05222572517347175, "Lasso 50 1": 0.05294750522816372, "ElasticNet 50 1": 0.05222754829083498, "LightGBM 55 1": 0.05087773394754718, "OLS 55 1": 0.05383166587401609, "Ridge 55 1": 0.05383165899626634, "Lasso 55 1": 0.05452612541725977, "ElasticNet 55 1": 0.053832510849015705, "LightGBM 60 1": 0.052606195093323135, "OLS 60 1": 0.055083702917153386, "Ridge 60 1": 0.05508370314235269, "Lasso 60 1": 0.05577826975225368, "ElasticNet 60 1": 0.055083770716840605, "LightGBM 0 2": 0.24809052191835107, "OLS 0 2": 0.2490758335639554, "Ridge 0 2": 0.24907892550400354, "Lasso 0 2": 0.24929408069358652, "ElasticNet 0 2": 0.24902870332222932, "LightGBM 5 2": 0.2481037877273569, "OLS 5 2": 0.24908579471216521, "Ridge 5 2": 0.24908578903915712, "Lasso 5 2": 0.24929408069358652, "ElasticNet 5 2": 0.24902869553881027, "LightGBM 10 2": 0.24808539162372084, "OLS 10 2": 0.24907230352060075, "Ridge 10 2": 0.2490721400925916, "Lasso 10 2": 0.24929408069358652, "ElasticNet 10 2": 0.24902852319589988, "LightGBM 15 2": 0.24805201024680165, "OLS 15 2": 0.24910434299960596, "Ridge 15 2": 0.24910423023517328, "Lasso 15 2": 0.24929408069358652, "ElasticNet 15 2": 0.24902987055190284, "LightGBM 20 2": 0.24795779460608883, "OLS 20 2": 0.2490960439802365, "Ridge 20 2": 0.2490960320256028, "Lasso 20 2": 0.24929408069358652, "ElasticNet 20 2": 0.2490295125830897, "LightGBM 25 2": 0.24779295599703702, "OLS 25 2": 0.249100677232511, "Ridge 25 2": 0.24910063959356823, "Lasso 25 2": 0.24929408069358652, "ElasticNet 25 2": 0.2490311399987556, "LightGBM 30 2": 0.24758609942102663, "OLS 30 2": 0.24912015279280136, "Ridge 30 2": 0.24912015587292313, "Lasso 30 2": 0.24929408069358652, "ElasticNet 30 2": 0.24904028614398852, "LightGBM 35 2": 0.24776990530017357, "OLS 35 2": 0.24911054083508372, "Ridge 35 2": 0.2491105680582823, "Lasso 35 2": 0.24929408069358652, "ElasticNet 35 2": 0.2490361769809099, "LightGBM 40 2": 0.24781012540610936, "OLS 40 2": 0.24911012588871387, "Ridge 40 2": 0.24911007849363193, "Lasso 40 2": 0.24929408069358652, "ElasticNet 40 2": 0.2490349766269097}
