{"LightGBM 0 6": 0.0011662335873618994, "Ridge 0 6": 0.000877544304182776, "Lasso 0 6": 0.007238563318975447, "ElasticNet 0 6": 0.007238563318975447, "LightGBM 5 6": 0.0011709202477316264, "Ridge 5 6": 0.0008862652752398873, "Lasso 5 6": 0.007253153763073695, "ElasticNet 5 6": 0.007253153763073695, "LightGBM 10 6": 0.0011340039484595815, "Ridge 10 6": 0.0008633941472206698, "Lasso 10 6": 0.007286995059434225, "ElasticNet 10 6": 0.007286995059434225, "LightGBM 15 6": 0.001107405708122054, "Ridge 15 6": 0.000842513164766792, "Lasso 15 6": 0.00727456169127907, "ElasticNet 15 6": 0.00727456169127907, "LightGBM 20 6": 0.0010607202034751022, "Ridge 20 6": 0.0008353392190997263, "Lasso 20 6": 0.007305522227547553, "ElasticNet 20 6": 0.007305522227547553, "LightGBM 25 6": 0.0010519434805660375, "Ridge 25 6": 0.0008180269331462419, "Lasso 25 6": 0.007320896571288793, "ElasticNet 25 6": 0.007320896571288793, "LightGBM 30 6": 0.0010929164476886804, "Ridge 30 6": 0.000800387601609232, "Lasso 30 6": 0.007273948202771541, "ElasticNet 30 6": 0.007273948202771541, "LightGBM 35 6": 0.0011210728554704816, "Ridge 35 6": 0.0008213816509247496, "Lasso 35 6": 0.0072995422139586095, "ElasticNet 35 6": 0.0072995422139586095, "LightGBM 40 6": 0.0011434465122636447, "Ridge 40 6": 0.000831544971489799, "Lasso 40 6": 0.0073860673640774996, "ElasticNet 40 6": 0.0073860673640774996, "LightGBM 45 6": 0.0010983755229457273, "Ridge 45 6": 0.0008477976639044984, "Lasso 45 6": 0.007332049465652237, "ElasticNet 45 6": 0.007332049465652237, "LightGBM 50 6": 0.001157746494678341, "Ridge 50 6": 0.0008517407910745135, "Lasso 50 6": 0.007331692209401308, "ElasticNet 50 6": 0.007331692209401308, "LightGBM 55 6": 0.0011680805896060347, "Ridge 55 6": 0.0008592590982211993, "Lasso 55 6": 0.007350572055135812, "ElasticNet 55 6": 0.007350572055135812, "LightGBM 60 6": 0.0011721518972739142, "Ridge 60 6": 0.0008648055778116587, "Lasso 60 6": 0.007324809067759075, "ElasticNet 60 6": 0.007324809067759075, "LightGBM 0 7": 0.0015693107910007941, "Ridge 0 7": 0.0012651510314066732, "Lasso 0 7": 0.007629730342088454, "ElasticNet 0 7": 0.007629730342088454, "LightGBM 5 7": 0.0015359657553200906, "Ridge 5 7": 0.001246444166342092, "Lasso 5 7": 0.007634089239435924, "ElasticNet 5 7": 0.007634089239435924, "LightGBM 10 7": 0.0013144981488355653, "Ridge 10 7": 0.00116562213043401, "Lasso 10 7": 0.007621451130015189, "ElasticNet 10 7": 0.007621451130015189, "LightGBM 15 7": 0.0012359355470020735, "Ridge 15 7": 0.0011041925087192544, "Lasso 15 7": 0.007572906257380798, "ElasticNet 15 7": 0.007572906257380798, "LightGBM 20 7": 0.00125043499327438, "Ridge 20 7": 0.001073642567571982, "Lasso 20 7": 0.007613870448684413, "ElasticNet 20 7": 0.007613870448684413, "LightGBM 25 7": 0.0012787350722085586, "Ridge 25 7": 0.0010651598034791124, "Lasso 25 7": 0.007637486284345506, "ElasticNet 25 7": 0.007637486284345506, "LightGBM 30 7": 0.0013214343899110377, "Ridge 30 7": 0.0010857269379804882, "Lasso 30 7": 0.007543372725700523, "ElasticNet 30 7": 0.007543372725700523, "LightGBM 35 7": 0.001439280909484229, "Ridge 35 7": 0.0011303874983054577, "Lasso 35 7": 0.007601026662507059, "ElasticNet 35 7": 0.007601026662507059, "LightGBM 40 7": 0.0014576515365995058, "Ridge 40 7": 0.0011485350848770355, "Lasso 40 7": 0.007550292461773619, "ElasticNet 40 7": 0.007550292461773619, "LightGBM 45 7": 0.001483957809746344, "Ridge 45 7": 0.0011705639535465632, "Lasso 45 7": 0.007636486740293762, "ElasticNet 45 7": 0.007636486740293762, "LightGBM 50 7": 0.0014876204288751455, "Ridge 50 7": 0.0011789308716957598, "Lasso 50 7": 0.007508616661129263, "ElasticNet 50 7": 0.007508616661129263, "LightGBM 55 7": 0.0015046918054494249, "Ridge 55 7": 0.0011915489901949334, "Lasso 55 7": 0.0076378399613478785, "ElasticNet 55 7": 0.0076378399613478785, "LightGBM 60 7": 0.0015182007648372928, "Ridge 60 7": 0.0012090040284707727, "Lasso 60 7": 0.007596584533743655, "ElasticNet 60 7": 0.007596584533743655}
