{"LightGBM 0 0": 0.46659687035744196, "Ridge 0 0": 0.4625146404907804, "Lasso 0 0": 0.513490838268404, "ElasticNet 0 0": 0.513490838268404, "LightGBM 5 0": 0.4666261635864498, "Ridge 5 0": 0.462749247048583, "Lasso 5 0": 0.5142652539250679, "ElasticNet 5 0": 0.5142652539250679, "LightGBM 10 0": 0.4478772285332457, "Ridge 10 0": 0.4555380625720345, "Lasso 10 0": 0.5158866538509664, "ElasticNet 10 0": 0.5158866538509664, "LightGBM 15 0": 0.413478224890746, "Ridge 15 0": 0.44044064886663475, "Lasso 15 0": 0.5152742410414554, "ElasticNet 15 0": 0.5152742410414554, "LightGBM 20 0": 0.35302672897381976, "Ridge 20 0": 0.40666919858347633, "Lasso 20 0": 0.5131544025603404, "ElasticNet 20 0": 0.5131544025603404, "LightGBM 25 0": 0.26458988760904, "Ridge 25 0": 0.3572981540003636, "Lasso 25 0": 0.5150136479650017, "ElasticNet 25 0": 0.5150136479650017, "LightGBM 30 0": 0.11986090366074897, "Ridge 30 0": 0.30836829612388167, "Lasso 30 0": 0.5135374371155823, "ElasticNet 30 0": 0.5135374371155823, "LightGBM 35 0": 0.2481364633669146, "Ridge 35 0": 0.34045492698020224, "Lasso 35 0": 0.5158819210935724, "ElasticNet 35 0": 0.5158819210935724, "LightGBM 40 0": 0.30664256749680346, "Ridge 40 0": 0.3635611057463906, "Lasso 40 0": 0.5147423073830791, "ElasticNet 40 0": 0.5147423073830791, "LightGBM 45 0": 0.33845436593324685, "Ridge 45 0": 0.3794660609174789, "Lasso 45 0": 0.5138284045629382, "ElasticNet 45 0": 0.5138284045629382, "LightGBM 50 0": 0.3632631445128126, "Ridge 50 0": 0.3941981436005872, "Lasso 50 0": 0.516268901302866, "ElasticNet 50 0": 0.516268901302866, "LightGBM 55 0": 0.37760411508361996, "Ridge 55 0": 0.40169714227923436, "Lasso 55 0": 0.5153441693954744, "ElasticNet 55 0": 0.5153441693954744, "LightGBM 60 0": 0.3938615278685141, "Ridge 60 0": 0.41213907957767737, "Lasso 60 0": 0.5140707718341353, "ElasticNet 60 0": 0.5140707718341353, "LightGBM 0 1": 0.1714806920958917, "Ridge 0 1": 0.17112477675403567, "Lasso 0 1": 0.17670770275802739, "ElasticNet 0 1": 0.17670770275802739, "LightGBM 5 1": 0.17136721423633486, "Ridge 5 1": 0.17115548580824655, "Lasso 5 1": 0.1764160999370784, "ElasticNet 5 1": 0.1764160999370784, "LightGBM 10 1": 0.1691606241000509, "Ridge 10 1": 0.17036192250124876, "Lasso 10 1": 0.1765274468644378, "ElasticNet 10 1": 0.1765274468644378, "LightGBM 15 1": 0.16510792737217336, "Ridge 15 1": 0.16925362889855294, "Lasso 15 1": 0.175728807319727, "ElasticNet 15 1": 0.175728807319727, "LightGBM 20 1": 0.156957053618568, "Ridge 20 1": 0.166706826118817, "Lasso 20 1": 0.17480654263170672, "ElasticNet 20 1": 0.17480654263170672, "LightGBM 25 1": 0.14315815502177068, "Ridge 25 1": 0.16724898076934228, "Lasso 25 1": 0.17531173957161325, "ElasticNet 25 1": 0.17531173957161325, "LightGBM 30 1": 0.10873233289792375, "Ridge 30 1": 0.16556052961765452, "Lasso 30 1": 0.17485706057991415, "ElasticNet 30 1": 0.17485706057991415, "LightGBM 35 1": 0.14061741685058143, "Ridge 35 1": 0.16763207697571209, "Lasso 35 1": 0.17614402332436027, "ElasticNet 35 1": 0.17614402332436027, "LightGBM 40 1": 0.15167508192053192, "Ridge 40 1": 0.1688820537975759, "Lasso 40 1": 0.1763821189908896, "ElasticNet 40 1": 0.1763821189908896, "LightGBM 45 1": 0.15567776814463816, "Ridge 45 1": 0.16925197014639462, "Lasso 45 1": 0.17659643318765675, "ElasticNet 45 1": 0.17659643318765675, "LightGBM 50 1": 0.15667932202399262, "Ridge 50 1": 0.16718251428542988, "Lasso 50 1": 0.1735681187349027, "ElasticNet 50 1": 0.1735681187349027, "LightGBM 55 1": 0.16368159181022926, "Ridge 55 1": 0.1726462357805643, "Lasso 55 1": 0.1786016572580434, "ElasticNet 55 1": 0.1786016572580434, "LightGBM 60 1": 0.1629045983514489, "Ridge 60 1": 0.1703299303507087, "Lasso 60 1": 0.17682137413034088, "ElasticNet 60 1": 0.17682137413034088, "LightGBM 0 2": 0.39423416351987767, "Ridge 0 2": 0.3935774534116, "Lasso 0 2": 0.41752161123316567, "ElasticNet 0 2": 0.41752161123316567, "LightGBM 5 2": 0.3944479103711561, "Ridge 5 2": 0.39381312095776244, "Lasso 5 2": 0.41857744368169497, "ElasticNet 5 2": 0.41857744368169497, "LightGBM 10 2": 0.3916367184027786, "Ridge 10 2": 0.3918492184253129, "Lasso 10 2": 0.42013905536016544, "ElasticNet 10 2": 0.42013905536016544, "LightGBM 15 2": 0.3769400729026579, "Ridge 15 2": 0.3792845993651655, "Lasso 15 2": 0.4159156554036163, "ElasticNet 15 2": 0.4159156554036163, "LightGBM 20 2": 0.3606706081782322, "Ridge 20 2": 0.3654707036903474, "Lasso 20 2": 0.4180584910712032, "ElasticNet 20 2": 0.4180584910712032, "LightGBM 25 2": 0.3312705837198213, "Ridge 25 2": 0.33878845984692074, "Lasso 25 2": 0.4156456094250314, "ElasticNet 25 2": 0.4156456094250314, "LightGBM 30 2": 0.29969097795374927, "Ridge 30 2": 0.3085556800824717, "Lasso 30 2": 0.41591923309957274, "ElasticNet 30 2": 0.41591923309957274, "LightGBM 35 2": 0.3254046058690094, "Ridge 35 2": 0.3307129169970675, "Lasso 35 2": 0.4167568997312613, "ElasticNet 35 2": 0.4167568997312613, "LightGBM 40 2": 0.3439877422597306, "Ridge 40 2": 0.34633584500075365, "Lasso 40 2": 0.417297101502476, "ElasticNet 40 2": 0.417297101502476, "LightGBM 45 2": 0.3555878141766011, "Ridge 45 2": 0.3559056429578885, "Lasso 45 2": 0.4179881048177479, "ElasticNet 45 2": 0.4179881048177479, "LightGBM 50 2": 0.3651338816109897, "Ridge 50 2": 0.36359026789402304, "Lasso 50 2": 0.41862750892066014, "ElasticNet 50 2": 0.41862750892066014, "LightGBM 55 2": 0.3687995947303587, "Ridge 55 2": 0.36652714943493714, "Lasso 55 2": 0.415860448910944, "ElasticNet 55 2": 0.415860448910944, "LightGBM 60 2": 0.3746970407351352, "Ridge 60 2": 0.3710104578188933, "Lasso 60 2": 0.41760670879012024, "ElasticNet 60 2": 0.41760670879012024, "LightGBM 0 3": 0.24762166891354623, "Ridge 0 3": 0.24809213865252744, "Lasso 0 3": 0.26262086548249386, "ElasticNet 0 3": 0.26262086548249386, "LightGBM 5 3": 0.24709032053212154, "Ridge 5 3": 0.24736447668612344, "Lasso 5 3": 0.26204505059431576, "ElasticNet 5 3": 0.26204505059431576, "LightGBM 10 3": 0.24208259574511085, "Ridge 10 3": 0.24516354994263456, "Lasso 10 3": 0.26138983101232294, "ElasticNet 10 3": 0.26138983101232294, "LightGBM 15 3": 0.23326667033570975, "Ridge 15 3": 0.2413067251005608, "Lasso 15 3": 0.26235208667026144, "ElasticNet 15 3": 0.26235208667026144, "LightGBM 20 3": 0.21403719544588276, "Ridge 20 3": 0.23269201092227196, "Lasso 20 3": 0.26199101835634836, "ElasticNet 20 3": 0.26199101835634836, "LightGBM 25 3": 0.17850387365608827, "Ridge 25 3": 0.22119283129654468, "Lasso 25 3": 0.2621442459380071, "ElasticNet 25 3": 0.2621442459380071, "LightGBM 30 3": 0.09786009375363615, "Ridge 30 3": 0.2060567542348556, "Lasso 30 3": 0.26186987922745214, "ElasticNet 30 3": 0.26186987922745214, "LightGBM 35 3": 0.17011051243643102, "Ridge 35 3": 0.21573492531629143, "Lasso 35 3": 0.2614226547656032, "ElasticNet 35 3": 0.2614226547656032, "LightGBM 40 3": 0.19647528163516834, "Ridge 40 3": 0.22286898024258892, "Lasso 40 3": 0.2616530744458637, "ElasticNet 40 3": 0.2616530744458637, "LightGBM 45 3": 0.21117774469810383, "Ridge 45 3": 0.2283840329792729, "Lasso 45 3": 0.2615931785367206, "ElasticNet 45 3": 0.2615931785367206, "LightGBM 50 3": 0.21872588118917377, "Ridge 50 3": 0.2311910842693477, "Lasso 50 3": 0.26132730537069154, "ElasticNet 50 3": 0.26132730537069154, "LightGBM 55 3": 0.2249438310741083, "Ridge 55 3": 0.23347630690515275, "Lasso 55 3": 0.2617866346838327, "ElasticNet 55 3": 0.2617866346838327, "LightGBM 60 3": 0.22862888300345277, "Ridge 60 3": 0.2351487566131781, "Lasso 60 3": 0.2612494847396698, "ElasticNet 60 3": 0.2612494847396698}
