{"LightGBM 0 0": 0.2546700816131687, "Ridge 0 0": 0.2553985833842026, "Lasso 0 0": 0.2877445743318275, "ElasticNet 0 0": 0.2877445743318275, "LightGBM 5 0": 0.25396301525461423, "Ridge 5 0": 0.2550258761148899, "Lasso 5 0": 0.28712002058412595, "ElasticNet 5 0": 0.28712002058412595, "LightGBM 10 0": 0.23847900084196086, "Ridge 10 0": 0.24745545020427423, "Lasso 10 0": 0.2840508789294383, "ElasticNet 10 0": 0.2840508789294383, "LightGBM 15 0": 0.21536552006854867, "Ridge 15 0": 0.2378734021282469, "Lasso 15 0": 0.2875399231837212, "ElasticNet 15 0": 0.2875399231837212, "LightGBM 20 0": 0.17739687364453843, "Ridge 20 0": 0.21697812649068696, "Lasso 20 0": 0.287670184857352, "ElasticNet 20 0": 0.287670184857352, "LightGBM 25 0": 0.12196073363598783, "Ridge 25 0": 0.18266574514986925, "Lasso 25 0": 0.2850371506689719, "ElasticNet 25 0": 0.2850371506689719, "LightGBM 30 0": 0.03718605593487311, "Ridge 30 0": 0.14018246735431208, "Lasso 30 0": 0.28493146398618663, "ElasticNet 30 0": 0.28493146398618663, "LightGBM 35 0": 0.11346927470501234, "Ridge 35 0": 0.16655355464523408, "Lasso 35 0": 0.28480025144328935, "ElasticNet 35 0": 0.28480025144328935, "LightGBM 40 0": 0.14883322062983462, "Ridge 40 0": 0.1846539695297483, "Lasso 40 0": 0.28702971190133236, "ElasticNet 40 0": 0.28702971190133236, "LightGBM 45 0": 0.17013605339694873, "Ridge 45 0": 0.19654952952036567, "Lasso 45 0": 0.2851613618161036, "ElasticNet 45 0": 0.2851613618161036, "LightGBM 50 0": 0.18732268086399337, "Ridge 50 0": 0.20794497173609247, "Lasso 50 0": 0.28446815803545333, "ElasticNet 50 0": 0.28446815803545333, "LightGBM 55 0": 0.19761589668184673, "Ridge 55 0": 0.215091022521219, "Lasso 55 0": 0.2869232658950812, "ElasticNet 55 0": 0.2869232658950812, "LightGBM 60 0": 0.2041905085023683, "Ridge 60 0": 0.21883453754010143, "Lasso 60 0": 0.28555958389525987, "ElasticNet 60 0": 0.28555958389525987, "LightGBM 0 1": 0.06367208024466808, "Ridge 0 1": 0.06364405807047627, "Lasso 0 1": 0.06692793264673211, "ElasticNet 0 1": 0.06692793264673211, "LightGBM 5 1": 0.062292998387163435, "Ridge 5 1": 0.0622398537388325, "Lasso 5 1": 0.06556024138909769, "ElasticNet 5 1": 0.06556024138909769, "LightGBM 10 1": 0.061637999994702215, "Ridge 10 1": 0.06276870169322038, "Lasso 10 1": 0.06664352590815104, "ElasticNet 10 1": 0.06664352590815104, "LightGBM 15 1": 0.06102315022237741, "Ridge 15 1": 0.06367885677596423, "Lasso 15 1": 0.06854462918506955, "ElasticNet 15 1": 0.06854462918506955, "LightGBM 20 1": 0.05436922738862975, "Ridge 20 1": 0.06047591641049054, "Lasso 20 1": 0.06701466928567248, "ElasticNet 20 1": 0.06701466928567248, "LightGBM 25 1": 0.04434311050563117, "Ridge 25 1": 0.05616585876478005, "Lasso 25 1": 0.0649190845239777, "ElasticNet 25 1": 0.0649190845239777, "LightGBM 30 1": 0.027813231748720562, "Ridge 30 1": 0.05354085522788989, "Lasso 30 1": 0.06560868893328439, "ElasticNet 30 1": 0.06560868893328439, "LightGBM 35 1": 0.04241898017381878, "Ridge 35 1": 0.05547018104188142, "Lasso 35 1": 0.06696349099757903, "ElasticNet 35 1": 0.06696349099757903, "LightGBM 40 1": 0.04827877982482571, "Ridge 40 1": 0.056856370072460166, "Lasso 40 1": 0.0672253342085161, "ElasticNet 40 1": 0.0672253342085161, "LightGBM 45 1": 0.05068701181289841, "Ridge 45 1": 0.0567043921995917, "Lasso 45 1": 0.06550406951274683, "ElasticNet 45 1": 0.06550406951274683, "LightGBM 50 1": 0.05427089831864155, "Ridge 50 1": 0.05894168191616525, "Lasso 50 1": 0.06729513461245779, "ElasticNet 50 1": 0.06729513461245779, "LightGBM 55 1": 0.0554810412956197, "Ridge 55 1": 0.05905743860190213, "Lasso 55 1": 0.06635978108594788, "ElasticNet 55 1": 0.06635978108594788, "LightGBM 60 1": 0.05656491911290482, "Ridge 60 1": 0.059356228760018705, "Lasso 60 1": 0.06684345279025364, "ElasticNet 60 1": 0.06684345279025364, "LightGBM 0 2": 0.22697509095924082, "Ridge 0 2": 0.22803806967089088, "Lasso 0 2": 0.24367939685212156, "ElasticNet 0 2": 0.24367939685212156, "LightGBM 5 2": 0.2280013303762559, "Ridge 5 2": 0.22889128982962031, "Lasso 5 2": 0.24513762131757225, "ElasticNet 5 2": 0.24513762131757225, "LightGBM 10 2": 0.22644921952168232, "Ridge 10 2": 0.22753656238515058, "Lasso 10 2": 0.24667672533886686, "ElasticNet 10 2": 0.24667672533886686, "LightGBM 15 2": 0.2174391351486751, "Ridge 15 2": 0.21923796657688832, "Lasso 15 2": 0.24444855815667327, "ElasticNet 15 2": 0.24444855815667327, "LightGBM 20 2": 0.20570555147622582, "Ridge 20 2": 0.2088086329205483, "Lasso 20 2": 0.24588943732554888, "ElasticNet 20 2": 0.24588943732554888, "LightGBM 25 2": 0.1878434684453327, "Ridge 25 2": 0.19140618669806694, "Lasso 25 2": 0.24670171932738602, "ElasticNet 25 2": 0.24670171932738602, "LightGBM 30 2": 0.1608665798937947, "Ridge 30 2": 0.1642756254491642, "Lasso 30 2": 0.24606174957790147, "ElasticNet 30 2": 0.24606174957790147, "LightGBM 35 2": 0.17938237809038615, "Ridge 35 2": 0.18110819058045385, "Lasso 35 2": 0.24427438690162534, "ElasticNet 35 2": 0.24427438690162534, "LightGBM 40 2": 0.19188590730627383, "Ridge 40 2": 0.19304939332195845, "Lasso 40 2": 0.24497260246738584, "ElasticNet 40 2": 0.24497260246738584, "LightGBM 45 2": 0.20146599398013904, "Ridge 45 2": 0.20215954452718235, "Lasso 45 2": 0.24556212734619323, "ElasticNet 45 2": 0.24556212734619323, "LightGBM 50 2": 0.20822462848080767, "Ridge 50 2": 0.20857600634294918, "Lasso 50 2": 0.24698962043096717, "ElasticNet 50 2": 0.24698962043096717, "LightGBM 55 2": 0.21012701849747528, "Ridge 55 2": 0.21035826026593812, "Lasso 55 2": 0.2444385028027088, "ElasticNet 55 2": 0.2444385028027088, "LightGBM 60 2": 0.21336497319552983, "Ridge 60 2": 0.21352690072725203, "Lasso 60 2": 0.24441503635007372, "ElasticNet 60 2": 0.24441503635007372, "LightGBM 0 3": 0.09449602117036521, "Ridge 0 3": 0.09475143969410446, "Lasso 0 3": 0.10180463780052425, "ElasticNet 0 3": 0.10180463780052425, "LightGBM 5 3": 0.09531302605516863, "Ridge 5 3": 0.0955093744508633, "Lasso 5 3": 0.1028321521290417, "ElasticNet 5 3": 0.1028321521290417, "LightGBM 10 3": 0.09267396849523597, "Ridge 10 3": 0.09376173846201005, "Lasso 10 3": 0.10211972413063639, "ElasticNet 10 3": 0.10211972413063639, "LightGBM 15 3": 0.08844794772567287, "Ridge 15 3": 0.09108553530368875, "Lasso 15 3": 0.10220333837653713, "ElasticNet 15 3": 0.10220333837653713, "LightGBM 20 3": 0.07922918633206325, "Ridge 20 3": 0.0849684574277534, "Lasso 20 3": 0.10172016050282215, "ElasticNet 20 3": 0.10172016050282215, "LightGBM 25 3": 0.06350026884198354, "Ridge 25 3": 0.0776594400910575, "Lasso 25 3": 0.1028002860637307, "ElasticNet 25 3": 0.1028002860637307, "LightGBM 30 3": 0.022316613316260073, "Ridge 30 3": 0.06614987689263124, "Lasso 30 3": 0.10225715209675197, "ElasticNet 30 3": 0.10225715209675197, "LightGBM 35 3": 0.059221249221584164, "Ridge 35 3": 0.07461870898082805, "Lasso 35 3": 0.10279439569056946, "ElasticNet 35 3": 0.10279439569056946, "LightGBM 40 3": 0.07059299769767931, "Ridge 40 3": 0.07857562840350783, "Lasso 40 3": 0.10140441076019445, "ElasticNet 40 3": 0.10140441076019445, "LightGBM 45 3": 0.07724997364035259, "Ridge 45 3": 0.08226549788093272, "Lasso 45 3": 0.10181595562012273, "ElasticNet 45 3": 0.10181595562012273, "LightGBM 50 3": 0.08136234322838265, "Ridge 50 3": 0.08510439193854057, "Lasso 50 3": 0.10196497471676456, "ElasticNet 50 3": 0.10196497471676456, "LightGBM 55 3": 0.08427627459663045, "Ridge 55 3": 0.08679362638124918, "Lasso 55 3": 0.102113562034285, "ElasticNet 55 3": 0.102113562034285, "LightGBM 60 3": 0.08571193283884863, "Ridge 60 3": 0.08763660612510317, "Lasso 60 3": 0.1015507965383916, "ElasticNet 60 3": 0.1015507965383916, "LightGBM 0 4": 0.0006947674172776995, "Ridge 0 4": 0.0007743408943438658, "Lasso 0 4": 0.0007972787225380535, "ElasticNet 0 4": 0.0007972787225380535, "LightGBM 5 4": 0.000704591464784546, "Ridge 5 4": 0.0007508238867354185, "Lasso 5 4": 0.0007730353603546976, "ElasticNet 5 4": 0.0007730353603546976, "LightGBM 10 4": 0.0007179217822581688, "Ridge 10 4": 0.0007776668750391055,