{"LightGBM 0 0": 0.4650174593653821, "Ridge 0 0": 0.4639746455594545, "Lasso 0 0": 0.5160025565127991, "ElasticNet 0 0": 0.5160025565127991, "LightGBM 5 0": 0.46262166565231944, "Ridge 5 0": 0.4624739050514947, "Lasso 5 0": 0.5141607436205535, "ElasticNet 5 0": 0.5141607436205535, "LightGBM 10 0": 0.44295713976805773, "Ridge 10 0": 0.4556527736276666, "Lasso 10 0": 0.5148419515708272, "ElasticNet 10 0": 0.5148419515708272, "LightGBM 15 0": 0.40760776892919953, "Ridge 15 0": 0.4405572070982945, "Lasso 15 0": 0.5163086453168052, "ElasticNet 15 0": 0.5163086453168052, "LightGBM 20 0": 0.3476111153307676, "Ridge 20 0": 0.40639877323857104, "Lasso 20 0": 0.5147148521292632, "ElasticNet 20 0": 0.5147148521292632, "LightGBM 25 0": 0.2504903333999553, "Ridge 25 0": 0.35701337485571777, "Lasso 25 0": 0.5146279960743826, "ElasticNet 25 0": 0.5146279960743826, "LightGBM 30 0": 0.07169576338343797, "Ridge 30 0": 0.30899772594061453, "Lasso 30 0": 0.5136876617997779, "ElasticNet 30 0": 0.5136876617997779, "LightGBM 35 0": 0.22773636374770717, "Ridge 35 0": 0.33969947781155274, "Lasso 35 0": 0.516234953187104, "ElasticNet 35 0": 0.516234953187104, "LightGBM 40 0": 0.29486049405878717, "Ridge 40 0": 0.36465035967559545, "Lasso 40 0": 0.5149740322774272, "ElasticNet 40 0": 0.5149740322774272, "LightGBM 45 0": 0.33066424282205953, "Ridge 45 0": 0.38188888745488475, "Lasso 45 0": 0.51405261102866, "ElasticNet 45 0": 0.51405261102866, "LightGBM 50 0": 0.35141920765752344, "Ridge 50 0": 0.3930045927802706, "Lasso 50 0": 0.5148319514422579, "ElasticNet 50 0": 0.5148319514422579, "LightGBM 55 0": 0.3662384688772734, "Ridge 55 0": 0.40186905940646156, "Lasso 55 0": 0.514787020688955, "ElasticNet 55 0": 0.514787020688955, "LightGBM 60 0": 0.38134298536026817, "Ridge 60 0": 0.4115751147534274, "Lasso 60 0": 0.5150229828836621, "ElasticNet 60 0": 0.5150229828836621, "LightGBM 0 1": 0.170213666793141, "Ridge 0 1": 0.17101020780188556, "Lasso 0 1": 0.1764747772623151, "ElasticNet 0 1": 0.1764747772623151, "LightGBM 5 1": 0.1694175549839515, "Ridge 5 1": 0.17062796119482945, "Lasso 5 1": 0.1760439167809654, "ElasticNet 5 1": 0.1760439167809654, "LightGBM 10 1": 0.16607763504677445, "Ridge 10 1": 0.1699263413694326, "Lasso 10 1": 0.17588916390415096, "ElasticNet 10 1": 0.17588916390415096, "LightGBM 15 1": 0.16044979421741495, "Ridge 15 1": 0.1692118463870285, "Lasso 15 1": 0.17610009361573967, "ElasticNet 15 1": 0.17610009361573967, "LightGBM 20 1": 0.15170408746912517, "Ridge 20 1": 0.16970169925737066, "Lasso 20 1": 0.17756156627659653, "ElasticNet 20 1": 0.17756156627659653, "LightGBM 25 1": 0.13342865223380238, "Ridge 25 1": 0.16932696086515217, "Lasso 25 1": 0.17811731721295165, "ElasticNet 25 1": 0.17811731721295165, "LightGBM 30 1": 0.0896623646763529, "Ridge 30 1": 0.16608287412997888, "Lasso 30 1": 0.1758972705985309, "ElasticNet 30 1": 0.1758972705985309, "LightGBM 35 1": 0.12973059372152682, "Ridge 35 1": 0.16843377921604522, "Lasso 35 1": 0.17706913266767668, "ElasticNet 35 1": 0.17706913266767668, "LightGBM 40 1": 0.14213043202569314, "Ridge 40 1": 0.16882977330105733, "Lasso 40 1": 0.17718525341714975, "ElasticNet 40 1": 0.17718525341714975, "LightGBM 45 1": 0.1490484559033156, "Ridge 45 1": 0.16991457776850327, "Lasso 45 1": 0.17735912974716037, "ElasticNet 45 1": 0.17735912974716037, "LightGBM 50 1": 0.1535953421223491, "Ridge 50 1": 0.17100511319559092, "Lasso 50 1": 0.17810501143346602, "ElasticNet 50 1": 0.17810501143346602, "LightGBM 55 1": 0.15968303437509246, "Ridge 55 1": 0.17442469380296743, "Lasso 55 1": 0.18008497767112625, "ElasticNet 55 1": 0.18008497767112625, "LightGBM 60 1": 0.15701305361067494, "Ridge 60 1": 0.1696548372094269, "Lasso 60 1": 0.1763508008069517, "ElasticNet 60 1": 0.1763508008069517, "LightGBM 0 2": 0.3919320147953653, "Ridge 0 2": 0.3945656704710067, "Lasso 0 2": 0.41834947426230645, "ElasticNet 0 2": 0.41834947426230645, "LightGBM 5 2": 0.3917637371348155, "Ridge 5 2": 0.3943818460296083, "Lasso 5 2": 0.4185985024602976, "ElasticNet 5 2": 0.4185985024602976, "LightGBM 10 2": 0.3845597192787449, "Ridge 10 2": 0.3889299775780733, "Lasso 10 2": 0.4174604320688794, "ElasticNet 10 2": 0.4174604320688794, "LightGBM 15 2": 0.3716671423251468, "Ridge 15 2": 0.3797860325519334, "Lasso 15 2": 0.4169248399263927, "ElasticNet 15 2": 0.4169248399263927, "LightGBM 20 2": 0.353894695811431, "Ridge 20 2": 0.36502386803270326, "Lasso 20 2": 0.41742986962439377, "ElasticNet 20 2": 0.41742986962439377, "LightGBM 25 2": 0.32651935032738, "Ridge 25 2": 0.33962513417298995, "Lasso 25 2": 0.4161153700235494, "ElasticNet 25 2": 0.4161153700235494, "LightGBM 30 2": 0.2941287289027945, "Ridge 30 2": 0.30798460542239253, "Lasso 30 2": 0.41754134619843436, "ElasticNet 30 2": 0.41754134619843436, "LightGBM 35 2": 0.3240730340143711, "Ridge 35 2": 0.33319313239627024, "Lasso 35 2": 0.419081486101739, "ElasticNet 35 2": 0.419081486101739, "LightGBM 40 2": 0.3395593164420159, "Ridge 40 2": 0.3462141890004247, "Lasso 40 2": 0.41819893846011696, "ElasticNet 40 2": 0.41819893846011696, "LightGBM 45 2": 0.351490375072258, "Ridge 45 2": 0.3571746399567235, "Lasso 45 2": 0.4184994567719234, "ElasticNet 45 2": 0.4184994567719234, "LightGBM 50 2": 0.35984890583527, "Ridge 50 2": 0.3645993188038369, "Lasso 50 2": 0.4186723493675285, "ElasticNet 50 2": 0.4186723493675285, "LightGBM 55 2": 0.3640259903799719, "Ridge 55 2": 0.36766586047601996, "Lasso 55 2": 0.4166882190192531, "ElasticNet 55 2": 0.4166882190192531, "LightGBM 60 2": 0.3663630555544613, "Ridge 60 2": 0.3696447480702815, "Lasso 60 2": 0.41638048054241306, "ElasticNet 60 2": 0.41638048054241306, "LightGBM 0 3": 0.24493996568918866, "Ridge 0 3": 0.24801813903880604, "Lasso 0 3": 0.2622995536388484, "ElasticNet 0 3": 0.2622995536388484, "LightGBM 5 3": 0.24416198998729685, "Ridge 5 3": 0.2467848646139431, "Lasso 5 3": 0.2617254017765403, "ElasticNet 5 3": 0.2617254017765403, "LightGBM 10 3": 0.24003300616892756, "Ridge 10 3": 0.24548701325456673, "Lasso 10 3": 0.26275692600895745, "ElasticNet 10 3": 0.26275692600895745, "LightGBM 15 3": 0.2297098217124829, "Ridge 15 3": 0.24083457165220912, "Lasso 15 3": 0.2616656942780463, "ElasticNet 15 3": 0.2616656942780463, "LightGBM 20 3": 0.21123713783561235, "Ridge 20 3": 0.2327352078845668, "Lasso 20 3": 0.26214203187229235, "ElasticNet 20 3": 0.26214203187229235, "LightGBM 25 3": 0.17456821730117708, "Ridge 25 3": 0.22043206850328084, "Lasso 25 3": 0.26180239749577383, "ElasticNet 25 3": 0.26180239749577383, "LightGBM 30 3": 0.0968117549334358, "Ridge 30 3": 0.20587090722029772, "Lasso 30 3": 0.2621332279522049, "ElasticNet 30 3": 0.2621332279522049, "LightGBM 35 3": 0.16839896212385397, "Ridge 35 3": 0.21599537172495042, "Lasso 35 3": 0.261087815079084, "ElasticNet 35 3": 0.261087815079084, "LightGBM 40 3": 0.19373455384397387, "Ridge 40 3": 0.22308223263938162, "Lasso 40 3": 0.2609898327648297, "ElasticNet 40 3": 0.2609898327648297, "LightGBM 45 3": 0.2073282814796405, "Ridge 45 3": 0.2273290433495394, "Lasso 45 3": 0.26186786318914046, "ElasticNet 45 3": 0.26186786318914046, "LightGBM 50 3": 0.21489532722777757, "Ridge 50 3": 0.23097480354595562, "Lasso 50 3": 0.26116857825938855, "ElasticNet 50 3": 0.26116857825938855, "LightGBM 55 3": 0.22179804728636315, "Ridge 55 3": 0.23381025277279668, "Lasso 55 3": 0.2627953296118999, "ElasticNet 55 3": 0.2627953296118999, "LightGBM 60 3": 0.2267462951909263, "Ridge 60 3": 0.23687182798096806, "Lasso 60 3": 0.26177069179580276, "ElasticNet 60 3": 0.26177069179580276}
