{"LightGBM 0": 0.32828646701432596, "OLS 0": 0.36890516956953634, "Ridge 0": 0.36892472365950113, "Lasso 0": 0.37142736266736054, "LightGBM 5": 0.3284689010445103, "OLS 5": 0.36887276701922017, "Ridge 5": 0.36887273615467553, "Lasso 5": 0.3713786794076967, "LightGBM 10": 0.3300179364530475, "OLS 10": 0.372151063508638, "Ridge 10": 0.3721509855932895, "Lasso 10": 0.3748827785866536, "LightGBM 15": 0.33170390945617245, "OLS 15": 0.3778530510914901, "Ridge 15": 0.3778525951044063, "Lasso 15": 0.38097324515655273, "LightGBM 20": 0.3335188151937318, "OLS 20": 0.38332057277856285, "Ridge 20": 0.3833203456301891, "Lasso 20": 0.38673719467576384, "LightGBM 25": 0.33499761931677263, "OLS 25": 0.386676306363104, "Ridge 25": 0.38667621077507214, "Lasso 25": 0.3902255662945625, "LightGBM 30": 0.33547121094857624, "OLS 30": 0.3882086290298813, "Ridge 30": 0.38820860813615815, "Lasso 30": 0.3918563174536909, "LightGBM 35": 0.3357304822463386, "OLS 35": 0.38903022133564313, "Ridge 35": 0.38903023119584257, "Lasso 35": 0.392701970520477, "LightGBM 40": 0.3359437534273246, "OLS 40": 0.3894046150878107, "Ridge 40": 0.38940462623623645, "Lasso 40": 0.39309480821863163, "LightGBM 45": 0.33597034122414854, "OLS 45": 0.38958007260643934, "Ridge 45": 0.38958001042395574, "Lasso 45": 0.39328550787903016, "LightGBM 50": 0.33600358564981403, "OLS 50": 0.3897107282477935, "Ridge 50": 0.38971056758466915, "Lasso 50": 0.3934093508017199, "LightGBM 55": 0.335916230619027, "OLS 55": 0.38977963178519287, "Ridge 55": 0.389779479619831, "Lasso 55": 0.3934920487838556, "LightGBM 60": 0.3356666787601874, "OLS 60": 0.38982869182926233, "Ridge 60": 0.38982864894792635, "Lasso 60": 0.3935679146576748}
