{"Ace2": 0.22754029560286212, "Aldh1l1": 0.6216420509801546, "Amigo2": 0.4920173593239776, "Ano3": 0.3005912847733279, "Aqp4": 0.6778059857990453, "Ar": 0.5220687102225374, "Arhgap36": 0.5379888205765164, "Baiap2": 0.45086751879919584, "Ccnd2": 0.4552524202413816, "Cd24a": 0.4966735271052779, "Cdkn1a": 0.4888794823638382, "Cenpe": 0.3839137912061116, "Chat": 0.30586207348594185, "Coch": 0.2905271382448289, "Col25a1": 0.42648800216218163, "Cplx3": 0.28750708876432435, "Cpne5": 0.3854206483112841, "Creb3l1": 0.5176703068692844, "Cspg5": 0.603743364316258, "Cyp19a1": 0.2871922077994155, "Cyp26a1": 0.14107749529159697, "Dgkk": 0.5652725669864099, "Ebf3": 0.1912180903529683, "Egr2": 0.26263769247235175, "Ermn": 0.5929417722265012, "Esr1": 0.3001450476563068, "Etv1": 0.4330451801664706, "Fbxw13": 0.19037068965610127, "Fezf1": 0.27895949824104177, "Gbx2": 0.2061711010112776, "Gda": 0.5267787519497493, "Gem": 0.26007125219409943, "Gjc3": 0.5396892013477652, "Greb1": 0.26824826588541273, "Irs4": 0.6325995367678271, "Isl1": 0.2446008311343865, "Klf4": 0.30420980821528326, "Krt90": 0.2449870589552822, "Lmod1": 0.22125130368650436, "Man1a": 0.5708291695563018, "Mbp": 0.09670022314382305, "Mki67": 0.2366639875966549, "Mlc1": 0.6442849409234168, "Myh11": 0.25736442390962, "Ndnf": 0.36205295763549306, "Ndrg1": 0.7336255644055807, "Necab1": 0.5785969836155835, "Nnat": 0.03709885766545389, "Nos1": 0.5221193885625891, "Npas1": 0.29602649258939523, "Nup62cl": 0.21048869775600285, "Omp": 0.4902457004271627, "Onecut2": 0.4881331395204387, "Opalin": 0.4008839137594828, "Pak3": 0.5593753429745018, "Pcdh11x": 0.5422159420990164, "Pgr": 0.34344966864863075, "Plin3": 0.48321593870893736, "Pou3f2": 0.512112921938973, "Rgs2": 0.4830978445869938, "Rgs5": 0.5142410572036429, "Rnd3": 0.5414398664844864, "Scgn": 0.3326134164540641, "Serpinb1b": 0.2637367522930987, "Sgk1": 0.7094590002672996, "Slc15a3": 0.23824443230895306, "Slc17a6": 0.5525789905225795, "Slc17a8": 0.13785706248105153, "Slco1a4": 0.43714721435077125, "Sln": 0.09798799880281159, "Sox4": 0.6284264750704276, "Sox6": 0.48192200910373334, "Sox8": 0.548847461910854, "Sp9": 0.24924834867416942, "Synpr": 0.4275422000405298, "Syt2": 0.36403111927100595, "Syt4": 0.46022735390332714, "Sytl4": 0.47127334021267897, "Th": 0.0626557207512708, "Tiparp": 0.5570486246096337, "Tmem108": 0.4939308832569562, "Traf4": 0.3642122427018378, "Ttn": 0.20615908568946595, "Ttyh2": 0.5311156226923611}
