{
    "Female_Naive_1": 691.8328588008881,
    "Female_Naive_2": 714.8836073875427
}
