{
    "Female_Naive_1": 0.3591996817008403,
    "Female_Naive_2": 0.347270380469003
}
