{
    "Female_Naive_1": 616.7923579216003,
    "Female_Naive_2": 648.7084755897522,
    "Female_Naive_3": 760.9479665756226,
    "Female_Naive_4": 757.8396210670471
}
