{
    "['Female']_['Naive']_1": 93.34893822669983,
    "['Female']_['Naive']_2": 94.70767521858215,
    "['Female']_['Naive']_3": 95.35497498512268,
    "['Female']_['Naive']_4": 96.33765006065369,
    "['Female']_['Virgin Parenting']_20": 72.12670707702637,
    "['Female']_['Virgin Parenting']_21": 72.99615240097046,
    "['Female']_['Virgin Parenting']_22": 72.20881128311157,
    "['Female']_['Virgin Parenting']_23": 72.24565267562866,
    "['Female']_['Virgin Parenting']_24": 71.88785195350647,
    "['Female']_['Parenting']_16": 67.24579763412476,
    "['Female']_['Parenting']_17": 67.52943086624146,
    "['Female']_['Parenting']_18": 70.47695827484131
}
