{
    "Female_Naive_1": 0.35902162529099846,
    "Female_Naive_2": 0.3472213626063721,
    "Female_Naive_3": 0.3430355844662602,
    "Female_Naive_4": 0.34997187992395373
}
