{
    "['Female']_['Naive']_1": 0.38919976353645325,
    "['Female']_['Naive']_2": 0.38447484374046326,
    "['Female']_['Naive']_3": 0.37682753801345825,
    "['Female']_['Naive']_4": 0.3889421224594116,
    "['Female']_['Virgin Parenting']_20": 0.4678157567977905,
    "['Female']_['Virgin Parenting']_21": 0.48832494020462036,
    "['Female']_['Virgin Parenting']_22": 0.4595032334327698,
    "['Female']_['Virgin Parenting']_23": 0.4450238049030304,
    "['Female']_['Virgin Parenting']_24": 0.45238858461380005,
    "['Female']_['Parenting']_16": 0.4739314615726471,
    "['Female']_['Parenting']_17": 0.42911770939826965,
    "['Female']_['Parenting']_18": 0.4522404074668884,
    "['Female']_['Parenting']_19": 0.511950671672821
}
