{
    "Female_Naive_1": 0.34901275894279127,
    "Female_Naive_2": 0.3421731064089692,
    "Female_Naive_3": 0.3473339167234912,
    "Female_Naive_4": 0.341353586971669
}
