{
    "Female_Naive_1": 594.4704210758209,
    "Female_Naive_2": 636.9710128307343,
    "Female_Naive_3": 709.4722855091095,
    "Female_Naive_4": 716.2809689044952
}
