{"0": 0.34988829493522644, "5": 0.3494284152984619, "10": 0.3461569845676422, "15": 0.33938685059547424, "20": 0.3366208076477051, "25": 0.33311593532562256, "30": 0.3348855972290039, "35": 0.3332056701183319, "40": 0.3343038260936737}
