{"0": 0.32686182856559753, "5": 0.32791098952293396, "10": 0.325696736574173, "15": 0.3229357898235321, "20": 0.32237887382507324, "25": 0.32108452916145325, "30": 0.3172467052936554, "35": 0.31752726435661316, "40": 0.31709781289100647}
