{"LightGBM 0": {"Ace2": 0.14544793129158726, "Aldh1l1": 0.6284081999466768, "Amigo2": 0.4159322949372745, "Ano3": 0.19054005069356664, "Aqp4": 0.7843170219512118, "Ar": 0.5052303852111626, "Arhgap36": 0.5489936023188267, "Baiap2": 0.3496581287605728, "Ccnd2": 0.3618143669692083, "Cd24a": 0.48434840174425736, "Cdkn1a": 0.37440020046177963, "Cenpe": 0.24753435160382226, "Chat": 0.19807791881338083, "Coch": 0.1927742152293507, "Col25a1": 0.3709551789079097, "Cplx3": 0.17024540453609666, "Cpne5": 0.2896402278830619, "Creb3l1": 0.4112307480043982, "Cspg5": 0.6349173008612574, "Cyp19a1": 0.18418905830959922, "Cyp26a1": 0.07347437930610888, "Dgkk": 0.5688538452057361, "Ebf3": 0.15255987550552969, "Egr2": 0.16097933021719854, "Ermn": 0.7792177879806848, "Esr1": 0.21445418935136334, "Etv1": 0.31432437757511744, "Fbxw13": 0.10172368424431862, "Fezf1": 0.1859370375406214, "Gbx2": 0.11378228300465304, "Gda": 0.5328869809868074, "Gem": 0.1564818475694956, "Gjc3": 0.5460082942150211, "Greb1": 0.19243621489646492, "Irs4": 0.7163037153389805, "Isl1": 0.1707506088990759, "Klf4": 0.2488085677970179, "Krt90": 0.13440341390643593, "Lmod1": 0.14919872036947446, "Man1a": 0.5318587857657885, "Mbp": 0.04670362346438856, "Mki67": 0.14051341766350892, "Mlc1": 0.7214435329427842, "Myh11": 0.24696684723212622, "Ndnf": 0.25951336810770054, "Ndrg1": 0.9429958727630623, "Necab1": 0.5836680711536302, "Nnat": 0.008244796224753806, "Nos1": 0.4869905733361657, "Npas1": 0.20352751927570986, "Nup62cl": 0.11697561420402454, "Omp": 0.37147643036789046, "Onecut2": 0.40070793947003486, "Opalin": 0.33631150780467634, "Pak3": 0.5649555933842525, "Pcdh11x": 0.4718380386246825, "Pgr": 0.2464163434438139, "Plin3": 0.4144255514449818, "Pou3f2": 0.45227374379833163, "Rgs2": 0.4043163651602908, "Rgs5": 0.6380618438974007, "Rnd3": 0.46394887487934616, "Scgn": 0.2146574019430984, "Serpinb1b": 0.1772872012927021, "Sgk1": 0.9253562042999294, "Slc15a3": 0.1356632539971545, "Slc17a6": 0.5231452560141103, "Slc17a8": 0.09152205196985831, "Slco1a4": 0.38633219073657554, "Sln": 0.034896384285795404, "Sox4": 0.5932805940556116, "Sox6": 0.41861913117069977, "Sox8": 0.4934332418480592, "Sp9": 0.15665943224519857, "Synpr": 0.3542514909274456, "Syt2": 0.3107878309620901, "Syt4": 0.43079985767096923, "Sytl4": 0.40108332551486764, "Th": 0.02547961164045657, "Tiparp": 0.47186341609137156, "Tmem108": 0.38930461423427637, "Traf4": 0.2603039215103458, "Ttn": 0.11957250980442577, "Ttyh2": 0.5911691196239547}, "OLS 0": {"Ace2": 0.15264460011183756, "Aldh1l1": 0.7284005208634684, "Amigo2": 0.47870524148385096, "Ano3": 0.20229831779876284, "Aqp4": 0.9343053603123515, "Ar": 0.5769094595921682, "Arhgap36": 0.6319423116282692, "Baiap2": 0.38056905214883696, "Ccnd2": 0.3901783513625474, "Cd24a": 0.5995812605335438, "Cdkn1a": 0.3872334666307399, "Cenpe": 0.2485825942093073, "Chat": 0.24922617242693754, "Coch": 0.21187422140539902, "Col25a1": 0.4245680858636969, "Cplx3": 0.17222039138472914, "Cpne5": 0.3265649303403946, "Creb3l1": 0.4222102860907213, "Cspg5": 0.7109447515407838, "Cyp19a1": 0.1910924119630383, "Cyp26a1": 0.0741916611706565, "Dgkk": 0.6978237801066656, "Ebf3": 0.28296509002365444, "Egr2": 0.16362171978353124, "Ermn": 1.0878458442690135, "Esr1": 0.2568362380758992, "Etv1": 0.343680945151467, "Fbxw13": 0.10202041674513537, "Fezf1": 0.20362539878565333, "Gbx2": 0.1143692807960639, "Gda": 0.6806600085776578, "Gem": 0.1587811656292553, "Gjc3": 0.7119472182987118, "Greb1": 0.21933625885073282, "Irs4": 0.8969274219398646, "Isl1": 0.20296817319913169, "Klf4": 0.26611714049705426, "Krt90": 0.1352165748165744, "Lmod1": 0.1705458336469069, "Man1a": 0.612561247041445, "Mbp": 0.0855410463651032, "Mki67": 0.14079426869678632, "Mlc1": 0.8486300749211909, "Myh11": 0.3171703997724035, "Ndnf": 0.268797873611595, "Ndrg1": 1.2414299752121967, "Necab1": 0.7546048888970829, "Nnat": 0.012797250018832251, "Nos1": 0.5795665758711867, "Npas1": 0.22076859699028134, "Nup62cl": 0.11723301553922932, "Omp": 0.38114969351822525, "Onecut2": 0.4503885085629489, "Opalin": 0.39380017946367113, "Pak3": 0.6584412031655273, "Pcdh11x": 0.519649532044979, "Pgr": 0.26488182965999174, "Plin3": 0.44692349780780166, "Pou3f2": 0.5150089751958142, "Rgs2": 0.42905163500886184, "Rgs5": 0.7633818853257247, "Rnd3": 0.4871626899128637, "Scgn": 0.22347886638233516, "Serpinb1b": 0.1985052847168783, "Sgk1": 1.2037675753252688, "Slc15a3": 0.13639094502118213, "Slc17a6": 0.6781603956589254, "Slc17a8": 0.10162265953362683, "Slco1a4": 0.4965628276291211, "Sln": 0.053434896117190024, "Sox4": 0.6198749542563136, "Sox6": 0.48398677356523473, "Sox8": 0.5651478446723985, "Sp9": 0.1643445049262413, "Synpr": 0.4043020781960702, "Syt2": 0.3977007938300108, "Syt4": 0.5084872164239099, "Sytl4": 0.4241005480119034, "Th": 0.027833684921369707, "Tiparp": 0.4916768710228887, "Tmem108": 0.40486071433613025, "Traf4": 0.2809626275422394, "Ttn": 0.1201815735160963, "Ttyh2": 0.784445839744789}, "Ridge 0": {"Ace2": 0.15263915705012035, "Aldh1l1": 0.7287576587241142, "Amigo2": 0.47858385035808865, "Ano3": 0.20231682067910842, "Aqp4": 0.9343119928934638, "Ar": 0.5768948049508346, "Arhgap36": 0.6319874976787522, "Baiap2": 0.3803454742109683, "Ccnd2": 0.390144700118716, "Cd24a": 0.5995061373057239, "Cdkn1a": 0.3873030418663491, "Cenpe": 0.2485699966901504, "Chat": 0.24929009454369738, "Coch": 0.21185992031504775, "Col25a1": 0.4246655223219513, "Cplx3": 0.1722124229658769, "Cpne5": 0.3260445345992487, "Creb3l1": 0.42211463985727626, "Cspg5": 0.7110504718809425, "Cyp19a1": 0.19110530669416914, "Cyp26a1": 0.07419168083281984, "Dgkk": 0.6976972137793593, "Ebf3": 0.2829611298906139, "Egr2": 0.16364118226128127, "Ermn": 1.0871566454622723, "Esr1": 0.2568355616558739, "Etv1": 0.3438276484661153, "Fbxw13": 0.1020174620590361, "Fezf1": 0.20365331911205134, "Gbx2": 0.11438045185768751, "Gda": 0.6807075065778548, "Gem": 0.15876719485349355, "Gjc3": 0.7117724299173578, "Greb1": 0.21933296175443445, "Irs4": 0.897088322352394, "Isl1": 0.20296595023352368, "Klf4": 0.26618205760187424, "Krt90": 0.13521419002936447, "Lmod1": 0.17050785005978816, "Man1a": 0.6124515044823898, "Mbp": 0.08548842235802388, "Mki67": 0.1407957648063539, "Mlc1": 0.8487455418159406, "Myh11": 0.3171974053237542, "Ndnf": 0.26879206758365226, "Ndrg1": 1.2411573823340598, "Necab1": 0.7545894340294865, "Nnat": 0.012794734304771764, "Nos1": 0.5795420414862409, "Npas1": 0.22075899583510608, "Nup62cl": 0.11723553158601568, "Omp": 0.3811609415714063, "Onecut2": 0.4503359065211217, "Opalin": 0.39379540282092407, "Pak3": 0.6587434323869301, "Pcdh11x": 0.5197280481213263, "Pgr": 0.2647830051698868, "Plin3": 0.44720906220573026, "Pou3f2": 0.5150020697989451, "Rgs2": 0.4290115221131554, "Rgs5": 0.7631675517713108, "Rnd3": 0.4871690779117554, "Scgn": 0.2234752679482776, "Serpinb1b": 0.19848969955416867, "Sgk1": 1.2031913896271396, "Slc15a3": 0.13638322995503202, "Slc17a6": 0.6781466780922462, "Slc17a8": 0.10162231785351926, "Slco1a4": 0.49656097403764976, "Sln": 0.053529660386121454, "Sox4": 0.6198625529944027, "Sox6": 0.48398865009064285, "Sox8": 0.5650396564631633, "Sp9": 0.16436560913640857, "Synpr": 0.4042857973555794, "Syt2": 0.39779382010696557, "Syt4": 0.5085189478345261, "Sytl4": 0.42419863729303103, "Th": 0.027835138309980845, "Tiparp": 0.49168203546350947, "Tmem108": 0.40495868140891184, "Traf4": 0.2809539061050112, "Ttn": 0.12018548593561346, "Ttyh2": 0.7855349972503941}, "Lasso 0": {"Ace2": 0.1530830386398184, "Aldh1l1": 0.727973942623554, "Amigo2": 0.47499485279080106, "Ano3": 0.20394309295365534, "Aqp4": 0.9357177633779068, "Ar": 0.5826793198033777, "Arhgap36": 0.6317036373121044, "Baiap2": 0.37931430057596494, "Ccnd2": 0.39211534514161467, "Cd24a": 0.6039907266222719, "Cdkn1a": 0.3891261502114952, "Cenpe": 0.25000073704344267, "Chat": 0.253279552423535, "Coch": 0.2103749225119949, "Col25a1": 0.4225561236295777, "Cplx3": 0.17394576343186702, "Cpne5": 0.32572393971603886, "Creb3l1": 0.42273944677534525, "Cspg5": 0.7158075753429344,