{"LightGBM 0 0": 0.9567200179905535, "Ridge 0 0": 0.9583266751589659, "Lasso 0 0": 1.0840890908105874, "ElasticNet 0 0": 1.0840890908105874, "LightGBM 5 0": 0.9617905762605997, "Ridge 5 0": 0.9654569745901184, "Lasso 5 0": 1.1014022214013939, "ElasticNet 5 0": 1.1014022214013939, "LightGBM 10 0": 0.8956100786931284, "Ridge 10 0": 0.9359061353520803, "Lasso 10 0": 1.0846663965674557, "ElasticNet 10 0": 1.0846663965674557, "LightGBM 15 0": 0.7913218080140383, "Ridge 15 0": 0.8885801779123983, "Lasso 15 0": 1.082917471975414, "ElasticNet 15 0": 1.082917471975414, "LightGBM 20 0": 0.639780813662816, "Ridge 20 0": 0.8058782374166792, "Lasso 20 0": 1.085528996801705, "ElasticNet 20 0": 1.0827049770145971, "LightGBM 25 0": 0.4140000680120993, "Ridge 25 0": 0.6846557668451765, "Lasso 25 0": 1.1085729972370022, "ElasticNet 25 0": 1.0129520569491008, "LightGBM 30 0": 0.06290292321587702, "Ridge 30 0": 0.4889776385899431, "Lasso 30 0": 1.0644875135091785, "ElasticNet 30 0": 0.8504493019524998, "LightGBM 35 0": 0.36188485032690393, "Ridge 35 0": 0.5963740617421943, "Lasso 35 0": 1.091160688225446, "ElasticNet 35 0": 0.9402709560404268, "LightGBM 40 0": 0.5037177978694906, "Ridge 40 0": 0.6629589967148013, "Lasso 40 0": 1.0758260711946452, "ElasticNet 40 0": 0.9799676171355896, "LightGBM 45 0": 0.5942049874507443, "Ridge 45 0": 0.7207627987438457, "Lasso 45 0": 1.0876824049373295, "ElasticNet 45 0": 1.0355787279687003, "LightGBM 50 0": 0.6546315346691173, "Ridge 50 0": 0.755478438321678, "Lasso 50 0": 1.081525425733731, "ElasticNet 50 0": 1.064476916942316, "LightGBM 55 0": 0.686726523292731, "Ridge 55 0": 0.7736611252109529, "Lasso 55 0": 1.0637840281150595, "ElasticNet 55 0": 1.0637840281150595, "LightGBM 60 0": 0.7404072814193687, "Ridge 60 0": 0.8176387685097901, "Lasso 60 0": 1.0899636711958214, "ElasticNet 60 0": 1.0899636711958214, "LightGBM 0 1": 0.14354300529220765, "Ridge 0 1": 0.143424734126685, "Lasso 0 1": 0.1525372944128068, "ElasticNet 0 1": 0.1525372944128068, "LightGBM 5 1": 0.1388475027415016, "Ridge 5 1": 0.13905877971128186, "Lasso 5 1": 0.1468963502221533, "ElasticNet 5 1": 0.1468963502221533, "LightGBM 10 1": 0.13671718480231237, "Ridge 10 1": 0.13997815610560263, "Lasso 10 1": 0.1494647988914221, "ElasticNet 10 1": 0.1494647988914221, "LightGBM 15 1": 0.1275560498196761, "Ridge 15 1": 0.1357772949418923, "Lasso 15 1": 0.14754177208556102, "ElasticNet 15 1": 0.14754177208556102, "LightGBM 20 1": 0.11561103623976109, "Ridge 20 1": 0.13434595957544068, "Lasso 20 1": 0.15046510115736955, "ElasticNet 20 1": 0.15046510115736955, "LightGBM 25 1": 0.09154402992880262, "Ridge 25 1": 0.12584013110679973, "Lasso 25 1": 0.1472695300128591, "ElasticNet 25 1": 0.1472695300128591, "LightGBM 30 1": 0.04987676259355447, "Ridge 30 1": 0.12087432133676657, "Lasso 30 1": 0.15403773194313694, "ElasticNet 30 1": 0.15403773194313694, "LightGBM 35 1": 0.08714607162728008, "Ridge 35 1": 0.12375063142607637, "Lasso 35 1": 0.15128204345976326, "ElasticNet 35 1": 0.15128204345976326, "LightGBM 40 1": 0.09931935836627143, "Ridge 40 1": 0.12337866371004472, "Lasso 40 1": 0.14835300937031515, "ElasticNet 40 1": 0.14835300937031515, "LightGBM 45 1": 0.10892515655537058, "Ridge 45 1": 0.126286622739443, "Lasso 45 1": 0.14838096274359544, "ElasticNet 45 1": 0.14838096274359544, "LightGBM 50 1": 0.11467487917080318, "Ridge 50 1": 0.1293795991390273, "Lasso 50 1": 0.15125097160979376, "ElasticNet 50 1": 0.15125097160979376, "LightGBM 55 1": 0.118416990232284, "Ridge 55 1": 0.12916564916129605, "Lasso 55 1": 0.1478377182413317, "ElasticNet 55 1": 0.1478377182413317, "LightGBM 60 1": 0.12435922315077101, "Ridge 60 1": 0.1334874435806549, "Lasso 60 1": 0.15228511147473298, "ElasticNet 60 1": 0.15228511147473298, "LightGBM 0 2": 6.972009264771969, "Ridge 0 2": 6.954435104926836, "Lasso 0 2": 7.3271555378036775, "ElasticNet 0 2": 7.3271555378036775, "LightGBM 5 2": 6.695028568208216, "Ridge 5 2": 6.67259263778079, "Lasso 5 2": 7.0511406419707505, "ElasticNet 5 2": 7.0511406419707505, "LightGBM 10 2": 6.647162822061844, "Ridge 10 2": 6.640621883883172, "Lasso 10 2": 7.087919198906211, "ElasticNet 10 2": 7.087919198906211, "LightGBM 15 2": 6.400115559666453, "Ridge 15 2": 6.412040812061017, "Lasso 15 2": 6.982994008991193, "ElasticNet 15 2": 6.982994008991193, "LightGBM 20 2": 6.162260700108186, "Ridge 20 2": 6.211719486384494, "Lasso 20 2": 7.046447228474002, "ElasticNet 20 2": 7.046447228474002, "LightGBM 25 2": 5.725184459238137, "Ridge 25 2": 5.815460720034856, "Lasso 25 2": 7.096070803546349, "ElasticNet 25 2": 7.096070803546349, "LightGBM 30 2": 5.2609791569871645, "Ridge 30 2": 5.374644166637579, "Lasso 30 2": 7.2441933818543145, "ElasticNet 30 2": 7.2441933818543145, "LightGBM 35 2": 5.854877331033337, "Ridge 35 2": 5.90486303633993, "Lasso 35 2": 7.355551329019952, "ElasticNet 35 2": 7.355551329019952, "LightGBM 40 2": 5.70869695104562, "Ridge 40 2": 5.716738593315507, "Lasso 40 2": 6.91737030666385, "ElasticNet 40 2": 6.91737030666385, "LightGBM 45 2": 6.149142490705597, "Ridge 45 2": 6.144169016077585, "Lasso 45 2": 7.165155938044124, "ElasticNet 45 2": 7.165155938044124, "LightGBM 50 2": 6.3815573822301905, "Ridge 50 2": 6.372018505805959, "Lasso 50 2": 7.274846783955061, "ElasticNet 50 2": 7.274846783955061, "LightGBM 55 2": 6.3982408825726935, "Ridge 55 2": 6.3752664228097276, "Lasso 55 2": 7.184149928586122, "ElasticNet 55 2": 7.184149928586122, "LightGBM 60 2": 6.457560890363722, "Ridge 60 2": 6.439330797010866, "Lasso 60 2": 7.161127641022995, "ElasticNet 60 2": 7.161127641022995, "LightGBM 0 3": 0.49089880281289466, "Ridge 0 3": 0.4932807738616581, "Lasso 0 3": 0.5285108389783858, "ElasticNet 0 3": 0.5285108389783858, "LightGBM 5 3": 0.4921276264653378, "Ridge 5 3": 0.4949153293084504, "Lasso 5 3": 0.5306974592129292, "ElasticNet 5 3": 0.5306974592129292, "LightGBM 10 3": 0.48400934270552026, "Ridge 10 3": 0.4902085725666664, "Lasso 10 3": 0.5315067490534027, "ElasticNet 10 3": 0.5315067490534027, "LightGBM 15 3": 0.4546415130334135, "Ridge 15 3": 0.4703558577947533, "Lasso 15 3": 0.525827097546083, "ElasticNet 15 3": 0.525827097546083, "LightGBM 20 3": 0.4165839939527141, "Ridge 20 3": 0.4492703695904245, "Lasso 20 3": 0.5302521631512503, "ElasticNet 20 3": 0.5302521631512503, "LightGBM 25 3": 0.32829527168064815, "Ridge 25 3": 0.4050130349551484, "Lasso 25 3": 0.5286489164986617, "ElasticNet 25 3": 0.5286489164986617, "LightGBM 30 3": 0.11149347681800376, "Ridge 30 3": 0.35344132364933495, "Lasso 30 3": 0.5307740234991781, "ElasticNet 30 3": 0.5307740234991781, "LightGBM 35 3": 0.30577648932210216, "Ridge 35 3": 0.38852850662184096, "Lasso 35 3": 0.5273676258121804, "ElasticNet 35 3": 0.5273676258121804, "LightGBM 40 3": 0.37585043223673165, "Ridge 40 3": 0.41784721258159757, "Lasso 40 3": 0.5368821368817467, "ElasticNet 40 3": 0.5368821368817467, "LightGBM 45 3": 0.40304495333672763, "Ridge 45 3": 0.42842386532414, "Lasso 45 3": 0.5259343714022323, "ElasticNet 45 3": 0.5259343714022323, "LightGBM 50 3": 0.4270235291843156, "Ridge 50 3": 0.4461332784836214, "Lasso 50 3": 0.5338570934102767, "ElasticNet 50 3": 0.5338570934102767, "LightGBM 55 3": 0.4383345497545771, "Ridge 55 3": 0.4532294195630869, "Lasso 55 3": 0.5298717023151411, "ElasticNet 55 3": 0.5298717023151411, "LightGBM 60 3": 0.44733139056157833, "Ridge 60 3": 0.458153064281498, "Lasso 60 3": 0.5282241613425804, "ElasticNet 60 3": 0.5282241613425804, "LightGBM 0 4": 0.000558179714632576, "Ridge 0 4": 0.00029249845240273477, "Lasso 0 4": 0.010194316596421834, "ElasticNet 0 4": 0.010194316596421834, "LightGBM 5 4": 0.0006423351414000341, "Ridge 5 4": 0.00029913538764972077, "Lasso 5 4": 0.010343518599225837, "ElasticNet 5 4": 0.010343518599225837, "LightGBM 10 4": 0.0005121956880798046, "Ridge 10 4": 0.00027071859948231804, "Lasso 10 4": 0.010339683144707287, "ElasticNet 10 4": 0.010339683144707287, "LightGBM 15 4": 0.0004902825692764722, "Ridge 15 4": 0.0002526666861738625,