{"0": 0.5, "1": 0.5000079829936692, "2": 0.5000484334337602, "3": 0.5003884044603617, "4": 0.5016379627991339, "5": 0.5054430212526413, "6": 0.5154159812428876, "7": 0.5366729277532577, "8": 0.5713061662041792, "9": 0.6163657883908822, "10": 0.6674699176416548, "11": 0.7222644653617276, "12": 0.7801931585290822, "13": 0.8421180653697925, "14": 0.9078015040595229, "15": 0.9804967510406606, "16": 1.0614810671784962, "17": 1.1512416914243813, "18": 1.250231996390332, "19": 1.358468546262457, "20": 1.4765447095534852, "21": 1.6027454295971135, "22": 1.7365845636233515, "23": 1.8782845016120824, "24": 2.0251659846306236, "25": 2.178490893236153, "26": 2.336931897851829, "27": 2.5008621102593764, "28": 2.6700806045810337, "29": 2.8439815277724447, "30": 3.0236443190808604, "31": 3.207180300962888, "32": 3.3966119253889926, "33": 3.590938516794358, "34": 3.7911974268769266, "35": 3.9958083999824763, "36": 4.207255401561325, "37": 4.424481308411542, "38": 4.647038341796193, "39": 4.8751847330264075, "40": 5.109138840970754, "41": 5.348469063954857, "42": 5.593656552606706, "43": 5.844759594991617, "44": 6.100983127022984, "45": 6.362957784036646, "46": 6.631894668559478, "47": 6.906352679230941, "48": 7.185188639881717, "49": 7.469601890069543, "50": 7.759934432383622, "51": 8.054906009502519, "52": 8.355449551842504, "53": 8.66187755042184, "54": 8.974191535139942, "55": 9.29249599367886, "56": 9.615151001491034, "57": 9.942861278997178, "58": 10.27613842480124, "59": 10.615313290865412, "60": 10.959983125929774, "61": 11.310349006685247, "62": 11.66602474785124, "63": 12.027266658795572, "64": 12.394643078360028, "65": 12.767665293157496, "66": 13.144378128799124, "67": 13.526485921292226, "68": 13.914169222081506, "69": 14.307475682155099, "70": 14.70626666827555, "71": 15.109538410096512, "72": 15.518806351791458, "73": 15.933702451585818, "74": 16.354826527537966, "75": 16.779627704164366, "76": 17.208896774169222, "77": 17.64430134201987, "78": 18.085483194381993, "79": 18.532135323895737, "80": 18.983374465068405, "81": 19.43943457994328, "82": 19.900203942847806, "83": 20.368018273703925, "84": 20.83995363512671, "85": 21.317580910340546, "86": 21.80030120918926, "87": 22.28716823130603, "88": 22.781156874669698, "89": 23.280230290811627, "90": 23.78207605374469, "91": 24.29184517453948, "92": 24.806389147774667, "93": 25.324689899007417, "94": 25.848694705412328, "95": 26.377113800444068, "96": 26.912125331069078, "97": 27.45073224040738, "98": 27.99556571021207, "99": 28.544138646763162}
