{"Ace2": 0.2181522574566952, "Aldh1l1": 0.6072552344157675, "Amigo2": 0.49544967290224284, "Ano3": 0.30125373615294765, "Aqp4": 0.6545522361645998, "Ar": 0.5269199781265006, "Arhgap36": 0.5412108418129837, "Baiap2": 0.46511970354500914, "Ccnd2": 0.45979706753138416, "Cd24a": 0.4961070088669208, "Cdkn1a": 0.49749000195829884, "Cenpe": 0.38254954236292277, "Chat": 0.29930192617744605, "Coch": 0.29015083823171745, "Col25a1": 0.4353820480372645, "Cplx3": 0.2873939631221913, "Cpne5": 0.39633740372653087, "Creb3l1": 0.5188184577658493, "Cspg5": 0.6079452383583027, "Cyp19a1": 0.29040645948967647, "Cyp26a1": 0.140632254497119, "Dgkk": 0.5755513218923083, "Ebf3": 0.20020188798180788, "Egr2": 0.2790455016930862, "Ermn": 0.528679212571308, "Esr1": 0.30489114766131087, "Etv1": 0.43192180090756715, "Fbxw13": 0.1947697032216408, "Fezf1": 0.2856188833037292, "Gbx2": 0.21699019052877264, "Gda": 0.5346136806412936, "Gem": 0.2596688006274686, "Gjc3": 0.4919678273526777, "Greb1": 0.2737752331916563, "Irs4": 0.665777402370952, "Isl1": 0.24296482314552842, "Klf4": 0.29829204334185583, "Krt90": 0.2453385604837425, "Lmod1": 0.21563029316685334, "Man1a": 0.5598368071155273, "Mbp": 0.09855328044371378, "Mki67": 0.22807988032221332, "Mlc1": 0.6564689408724182, "Myh11": 0.24897299802549114, "Ndnf": 0.36332039726238496, "Ndrg1": 0.6745205810390097, "Necab1": 0.5855215902467797, "Nnat": 0.039037934477163604, "Nos1": 0.5288399296724486, "Npas1": 0.3015823025334411, "Nup62cl": 0.20874172812533737, "Omp": 0.4862690376591548, "Onecut2": 0.4889894533272985, "Opalin": 0.3734031533925813, "Pak3": 0.5753139941887755, "Pcdh11x": 0.5449467841451978, "Pgr": 0.3451601754419444, "Plin3": 0.47024158572044406, "Pou3f2": 0.5022871952054913, "Rgs2": 0.47949361672692065, "Rgs5": 0.4851515854785204, "Rnd3": 0.535838170615304, "Scgn": 0.3344988125704227, "Serpinb1b": 0.26213532424334696, "Sgk1": 0.6307757719481996, "Slc15a3": 0.23362849157694374, "Slc17a6": 0.5490928669867052, "Slc17a8": 0.13855794825121917, "Slco1a4": 0.43003817643916753, "Sln": 0.11697371102007259, "Sox4": 0.6274778276855881, "Sox6": 0.4775868865686026, "Sox8": 0.5380726408362512, "Sp9": 0.24820325805374646, "Synpr": 0.42455016220620906, "Syt2": 0.3726625335906894, "Syt4": 0.4675265198995868, "Sytl4": 0.4815832746970826, "Th": 0.0632173275367731, "Tiparp": 0.5506382360027576, "Tmem108": 0.4972707816487402, "Traf4": 0.3598735039052765, "Ttn": 0.20404574743427303, "Ttyh2": 0.5130699836892179}
