{"LightGBM 0 8": 0.5705652635459774, "OLS 0 8": 0.572956662682732, "Ridge 0 8": 0.5729677758951547, "Lasso 0 8": 0.6209573748463845, "ElasticNet 0 8": 0.6209570154409527, "LightGBM 5 8": 0.5690780182747913, "OLS 5 8": 0.5713992363258749, "Ridge 5 8": 0.5713990621773529, "Lasso 5 8": 0.621249691729414, "ElasticNet 5 8": 0.6212494939783869, "LightGBM 10 8": 0.5177280460149492, "OLS 10 8": 0.5212996924162823, "Ridge 10 8": 0.5212996934683874, "Lasso 10 8": 0.5988113197031821, "ElasticNet 10 8": 0.5723250563147999, "LightGBM 15 8": 0.44239286047507304, "OLS 15 8": 0.4461829022498733, "Ridge 15 8": 0.4461829020718849, "Lasso 15 8": 0.4916142304143912, "ElasticNet 15 8": 0.4763467117675841, "LightGBM 20 8": 0.33364105013117346, "OLS 20 8": 0.3363040763337603, "Ridge 20 8": 0.3363040654182266, "Lasso 20 8": 0.36355907510548596, "ElasticNet 20 8": 0.3543203268048403, "LightGBM 25 8": 0.19128043092110597, "OLS 25 8": 0.19127539739851282, "Ridge 25 8": 0.19127539372841346, "Lasso 25 8": 0.2051632917910199, "ElasticNet 25 8": 0.20030076455764786, "LightGBM 30 8": 0.0008223179412007788, "OLS 30 8": 1.44075639579179e-14, "Ridge 30 8": 5.08815086365141e-13, "Lasso 30 8": 0.006749414329890377, "ElasticNet 30 8": 0.004292315589433008, "LightGBM 35 8": 0.15205089641204478, "OLS 35 8": 0.1513756846850758, "Ridge 35 8": 0.15137568485530395, "Lasso 35 8": 0.1559866578519769, "ElasticNet 35 8": 0.15422084021562582, "LightGBM 40 8": 0.2267049092699032, "OLS 40 8": 0.22643213368842816, "Ridge 40 8": 0.22643213600407613, "Lasso 40 8": 0.23215240524813366, "ElasticNet 40 8": 0.2306733551094455, "LightGBM 45 8": 0.2698921740944143, "OLS 45 8": 0.2698770346046357, "Ridge 45 8": 0.26987703352510906, "Lasso 45 8": 0.27708661735350437, "ElasticNet 45 8": 0.27594441855304386, "LightGBM 50 8": 0.2994203232995694, "OLS 50 8": 0.2994507666052394, "Ridge 50 8": 0.2994507770215502, "Lasso 50 8": 0.3091381447247252, "ElasticNet 50 8": 0.3081715549972197, "LightGBM 55 8": 0.3253400787055936, "OLS 55 8": 0.32565454927639775, "Ridge 55 8": 0.3256545702334032, "Lasso 55 8": 0.3368153991494472, "ElasticNet 55 8": 0.3360744956419877, "LightGBM 60 8": 0.34856126023076117, "OLS 60 8": 0.34965433614400565, "Ridge 60 8": 0.34965436888284795, "Lasso 60 8": 0.3635202622851465, "ElasticNet 60 8": 0.36286813218795305}
