{
    "['Female']_['Naive']_1": 0.47986912727355957,
    "['Female']_['Naive']_2": 0.4796314835548401,
    "['Female']_['Naive']_3": 0.4552963674068451,
    "['Female']_['Naive']_4": 0.49310898780822754,
    "['Female']_['Virgin Parenting']_20": 0.5559974312782288,
    "['Female']_['Virgin Parenting']_21": 0.54585862159729,
    "['Female']_['Virgin Parenting']_22": 0.5182161927223206,
    "['Female']_['Virgin Parenting']_23": 0.4983709752559662,
    "['Female']_['Virgin Parenting']_24": 0.5069115161895752,
    "['Female']_['Parenting']_16": 0.549450159072876,
    "['Female']_['Parenting']_17": 0.5033943057060242,
    "['Female']_['Parenting']_18": 0.5056929588317871,
    "['Female']_['Parenting']_19": 0.540065586566925
}
