{
    "['Female']_['Naive']_1": 161.91772437095642,
    "['Female']_['Naive']_2": 163.04043555259705,
    "['Female']_['Naive']_3": 165.93061757087708,
    "['Female']_['Naive']_4": 172.64838004112244,
    "['Female']_['Virgin Parenting']_20": 113.09969830513,
    "['Female']_['Virgin Parenting']_21": 113.4330883026123,
    "['Female']_['Virgin Parenting']_22": 113.5418586730957,
    "['Female']_['Virgin Parenting']_23": 112.76196026802063,
    "['Female']_['Virgin Parenting']_24": 114.11659002304077,
    "['Female']_['Parenting']_16": 100.15588045120239,
    "['Female']_['Parenting']_17": 103.63965916633606,
    "['Female']_['Parenting']_18": 103.98301482200623,
    "['Female']_['Parenting']_19": 104.92957329750061
}
