{
    "['Female']_['Naive']_1": 91.34210395812988,
    "['Female']_['Naive']_2": 94.86865854263306,
    "['Female']_['Naive']_3": 96.88989996910095,
    "['Female']_['Naive']_4": 96.07031965255737,
    "['Female']_['Virgin Parenting']_20": 73.12464928627014,
    "['Female']_['Virgin Parenting']_21": 72.18059396743774,
    "['Female']_['Virgin Parenting']_22": 72.56011652946472,
    "['Female']_['Virgin Parenting']_23": 72.4540011882782,
    "['Female']_['Virgin Parenting']_24": 72.66671800613403,
    "['Female']_['Parenting']_16": 66.90585923194885,
    "['Female']_['Parenting']_17": 66.56392669677734,
    "['Female']_['Parenting']_18": 66.96306443214417,
    "['Female']_['Parenting']_19": 67.48198175430298
}
