{
    "Female_Naive_1": 178.75437927246094,
    "Female_Naive_2": 179.4086012840271,
    "Female_Naive_3": 206.948303937912,
    "Female_Naive_4": 206.03061938285828
}
