{
    "Female_Naive_1": 0.35813537252072564,
    "Female_Naive_2": 0.34629787997547595,
    "Female_Naive_3": 0.341917836583711,
    "Female_Naive_4": 0.3488130441058046
}
